dataset,type,model,r,correlation.type
13PK_A,enzyme,LG,0.9995944526720738,Pearson
1A16_A,enzyme,LG,0.9999453813934924,Pearson
1A4L_A,enzyme,LG,0.9989770139279159,Pearson
1A50_B,enzyme,LG,0.9998857572973263,Pearson
1A8H_A,enzyme,LG,0.9997781016731271,Pearson
1A8S_A,enzyme,LG,0.9998794250633852,Pearson
1AF7_A,enzyme,LG,0.9990140241536376,Pearson
1AJ8_A,enzyme,LG,0.9997581867236478,Pearson
1B73_A,enzyme,LG,0.9998624601908825,Pearson
1B8F_A,enzyme,LG,0.9991788198530043,Pearson
1B93_A,enzyme,LG,0.9997296183368097,Pearson
1BF2_A,enzyme,LG,0.9993226008524175,Pearson
1BJO_A,enzyme,LG,0.9999359323518037,Pearson
1BQC_A,enzyme,LG,0.9997428167242064,Pearson
1BZC_A,enzyme,LG,0.9995115488142726,Pearson
1C0K_A,enzyme,LG,0.9998805704117184,Pearson
1C2T_A,enzyme,LG,0.9999555974140869,Pearson
1C82_A,enzyme,LG,0.9998323695534663,Pearson
1CBG_A,enzyme,LG,0.9985868564864782,Pearson
1CEL_A,enzyme,LG,0.9986326359615415,Pearson
1CF2_O,enzyme,LG,0.9996008595124801,Pearson
1CTN_A,enzyme,LG,0.9988812276674993,Pearson
1CTT_A,enzyme,LG,0.9997898754009381,Pearson
1CZ1_A,enzyme,LG,0.9999401777900582,Pearson
1DBT_A,enzyme,LG,0.9998149028255886,Pearson
1DEK_A,enzyme,LG,0.9978978506277,Pearson
1DJ0_A,enzyme,LG,0.999817827892092,Pearson
1DPG_A,enzyme,LG,0.9996495889534077,Pearson
1E2A_A,enzyme,LG,0.9999699093435315,Pearson
1E3V_A,enzyme,LG,0.9995434564187528,Pearson
1E6E_A,enzyme,LG,0.9999116669509656,Pearson
1E7Q_A,enzyme,LG,0.9997426037503473,Pearson
1EG7_A,enzyme,LG,0.9999712926717558,Pearson
1EUU_A,enzyme,LG,0.99933553563131,Pearson
1EXP_A,enzyme,LG,0.999893264555552,Pearson
1FF3_A,enzyme,LG,0.9998830158181937,Pearson
1FPS_A,enzyme,LG,0.9998619649685321,Pearson
1FR8_A,enzyme,LG,0.998164444030014,Pearson
1G6T_A,enzyme,LG,0.9993550210129524,Pearson
1G72_A,enzyme,LG,0.9992398131997823,Pearson
1G79_A,enzyme,LG,0.999922481070949,Pearson
1G8F_A,enzyme,LG,0.9983566194977836,Pearson
1GA8_A,enzyme,LG,0.9994924029206307,Pearson
1GCB_A,enzyme,LG,0.9987557657465246,Pearson
1GDH_A,enzyme,LG,0.9999703777383017,Pearson
1GP1_A,enzyme,LG,0.9996736729543267,Pearson
1GPJ_A,enzyme,LG,0.9991139443488721,Pearson
1GTP_A,enzyme,LG,0.9995940428695084,Pearson
1H3I_A,enzyme,LG,0.9965590795062458,Pearson
1HR6_B,enzyme,LG,0.9997889316504139,Pearson
1HV9_A,enzyme,LG,0.9991303952546805,Pearson
1IVH_A,enzyme,LG,0.9997629447411118,Pearson
1J79_A,enzyme,LG,0.9998720696071248,Pearson
1JOF_A,enzyme,LG,0.9995291575459918,Pearson
1K30_A,enzyme,LG,0.9994758739166801,Pearson
1L1D_A,enzyme,LG,0.9999780325262347,Pearson
1L7N_A,enzyme,LG,0.9998396022502684,Pearson
1LJL_A,enzyme,LG,0.9992585388958365,Pearson
1MBB_A,enzyme,LG,0.999981966368456,Pearson
1MHY_D,enzyme,LG,0.9999106673824951,Pearson
1MQW_A,enzyme,LG,0.9998335951431145,Pearson
1NBA_A,enzyme,LG,0.9997952360983807,Pearson
1NIR_A,enzyme,LG,0.9996356834974559,Pearson
1NU3_A,enzyme,LG,0.9999631766142976,Pearson
1OAC_A,enzyme,LG,0.999831417258409,Pearson
1OH9_A,enzyme,LG,0.9997850094479869,Pearson
1OPM_A,enzyme,LG,0.9980431674263709,Pearson
1OS7_A,enzyme,LG,0.9991238242127828,Pearson
1PMA_B,enzyme,LG,0.9998419352378474,Pearson
1POW_A,enzyme,LG,0.9999430707899338,Pearson
1QAZ_A,enzyme,LG,0.9998050694950313,Pearson
1QFM_A,enzyme,LG,0.999863346218259,Pearson
1QI9_A,enzyme,LG,0.9994615681491206,Pearson
1QJE_A,enzyme,LG,0.9996481109015322,Pearson
1QRG_A,enzyme,LG,0.9997961414751866,Pearson
1REQ_A,enzyme,LG,0.9997142246663514,Pearson
1S3I_A,enzyme,LG,0.9997098525421205,Pearson
1S95_A,enzyme,LG,0.9993155473135,Pearson
1SML_A,enzyme,LG,0.9995290425333803,Pearson
1SMN_A,enzyme,LG,0.9992808349490734,Pearson
1STC_E,enzyme,LG,0.9988581160028728,Pearson
1TAH_B,enzyme,LG,0.9997992735713328,Pearson
1TLP_E,enzyme,LG,0.9997006648587499,Pearson
1TRK_B,enzyme,LG,0.9998818881295013,Pearson
1TYF_A,enzyme,LG,0.9999127260514421,Pearson
1UAQ_A,enzyme,LG,0.9998786224069857,Pearson
1UQT_A,enzyme,LG,0.9996228197068625,Pearson
1W0H_A,enzyme,LG,0.9994963922071692,Pearson
1WGI_A,enzyme,LG,0.9993061942814987,Pearson
1YCF_A,enzyme,LG,0.9999074436164351,Pearson
1YON_A,enzyme,LG,0.9995972434823582,Pearson
1YVE_I,enzyme,LG,0.999427756806773,Pearson
1ZE1_A,enzyme,LG,0.9998946534905362,Pearson
206L_A,enzyme,LG,0.99933778810930185,Pearson
2DOR_A,enzyme,LG,0.9995980245732752,Pearson
2JCW_A,enzyme,LG,0.9999735655120804,Pearson
3CSM_A,enzyme,LG,0.999740666854178,Pearson
3ECA_A,enzyme,LG,0.9999446801572954,Pearson
3PVA_A,enzyme,LG,0.999886363521779,Pearson
7ATJ_A,enzyme,LG,0.9997846540731161,Pearson
ATP6,mito,LG,0.9995273871282442,Pearson
ATP8,mito,LG,0.999992621671922,Pearson
atpA,chloro,LG,0.9999516760509809,Pearson
atpB,chloro,LG,0.9999486265489058,Pearson
atpE,chloro,LG,0.999693294377411,Pearson
atpF,chloro,LG,0.999857441940294,Pearson
atpH,chloro,LG,0.999999936786067,Pearson
atpI,chloro,LG,0.9999977290111958,Pearson
ccsA,chloro,LG,0.9999536416092412,Pearson
COX1,mito,LG,0.999728275929212,Pearson
COX2,mito,LG,0.9990459478298835,Pearson
COX3,mito,LG,0.9985688349272649,Pearson
CYTB,mito,LG,0.999405998909834,Pearson
matK,chloro,LG,0.999917397866483,Pearson
ND1,mito,LG,0.9997707781463794,Pearson
ND2,mito,LG,0.9997238372772617,Pearson
ND3,mito,LG,0.9995434164766963,Pearson
ND4,mito,LG,0.9978098012701248,Pearson
ND4L,mito,LG,0.9976794170778664,Pearson
ND5,mito,LG,0.9964568057204742,Pearson
ND6,mito,LG,0.9990872645029715,Pearson
ndhA,chloro,LG,0.9999898250715381,Pearson
ndhB,chloro,LG,0.9998433089129177,Pearson
ndhC,chloro,LG,0.999939112590625,Pearson
ndhD,chloro,LG,0.9999969484841115,Pearson
ndhE,chloro,LG,0.9999986480557698,Pearson
ndhF,chloro,LG,0.9999038044928172,Pearson
ndhG,chloro,LG,0.9986381280422805,Pearson
ndhH,chloro,LG,0.9959660775016005,Pearson
ndhI,chloro,LG,0.9995945956456189,Pearson
ndhJ,chloro,LG,0.9999842141303412,Pearson
ndhK,chloro,LG,0.9999090874322247,Pearson
petA,chloro,LG,0.9999985785902626,Pearson
petB,chloro,LG,0.9999456953547523,Pearson
petD,chloro,LG,0.9982678299228568,Pearson
petG,chloro,LG,0.9999998833795255,Pearson
petN,chloro,LG,0.9999983869716943,Pearson
psaA,chloro,LG,0.9999963730502855,Pearson
psaB,chloro,LG,0.9976602508819794,Pearson
psaJ,chloro,LG,0.9998893206496198,Pearson
psbA,chloro,LG,0.9999931037281975,Pearson
psbB,chloro,LG,0.999998625056508,Pearson
psbC,chloro,LG,0.9999317126011288,Pearson
psbD,chloro,LG,0.9999349218334447,Pearson
psbE,chloro,LG,0.99999955310531,Pearson
psbF,chloro,LG,0.9999999922328852,Pearson
psbJ,chloro,LG,0.9999932257872197,Pearson
psbK,chloro,LG,0.9998927399372651,Pearson
psbL,chloro,LG,0.9992282322845778,Pearson
psbN,chloro,LG,0.9999997195334795,Pearson
psbT,chloro,LG,0.9997567056015155,Pearson
rbcL,chloro,LG,0.999882129562031,Pearson
rpl14,chloro,LG,0.9999975005113286,Pearson
rpl16,chloro,LG,0.9997142543716524,Pearson
rpl20,chloro,LG,0.9997031696387255,Pearson
rpl22,chloro,LG,0.998652594074151,Pearson
rpl36,chloro,LG,0.9979849580983179,Pearson
rpoB,chloro,LG,0.9999410094918478,Pearson
rpoC1,chloro,LG,0.9999469243143143,Pearson
rpoC2,chloro,LG,0.9996718078624779,Pearson
rps11,chloro,LG,0.9995699721445197,Pearson
rps12,chloro,LG,0.9989401204929824,Pearson
rps14,chloro,LG,0.9999968953072303,Pearson
rps15,chloro,LG,0.9999760025218563,Pearson
rps2,chloro,LG,0.9999273003117504,Pearson
rps3,chloro,LG,0.9999910529181429,Pearson
rps4,chloro,LG,0.9999914551427264,Pearson
rps7,chloro,LG,0.9999988624439599,Pearson
rps8,chloro,LG,0.9991234456181155,Pearson
ycf1,chloro,LG,0.9996601044102547,Pearson
ycf2,chloro,LG,0.999821697401615,Pearson
ycf3,chloro,LG,0.9999920742764569,Pearson
ycf4,chloro,LG,0.9999544786698273,Pearson
13PK_A,enzyme,WAG,0.9998882346740826,Pearson
1A16_A,enzyme,WAG,0.9999578332056731,Pearson
1A4L_A,enzyme,WAG,0.9988583240510921,Pearson
1A50_B,enzyme,WAG,0.9999442823471765,Pearson
1A8H_A,enzyme,WAG,0.9998221386259976,Pearson
1A8S_A,enzyme,WAG,0.9998798411247586,Pearson
1AF7_A,enzyme,WAG,0.9996398228777778,Pearson
1AJ8_A,enzyme,WAG,0.9998553209043456,Pearson
1B73_A,enzyme,WAG,0.9998317129207127,Pearson
1B8F_A,enzyme,WAG,0.9999474939054287,Pearson
1B93_A,enzyme,WAG,0.9985725166384977,Pearson
1BF2_A,enzyme,WAG,0.9992041671089115,Pearson
1BJO_A,enzyme,WAG,0.9999104101692566,Pearson
1BQC_A,enzyme,WAG,0.9990768757320285,Pearson
1BZC_A,enzyme,WAG,0.9996088904504776,Pearson
1C0K_A,enzyme,WAG,0.9998563984188398,Pearson
1C2T_A,enzyme,WAG,0.9999168365860367,Pearson
1C82_A,enzyme,WAG,0.9998724641068764,Pearson
1CBG_A,enzyme,WAG,0.9991815567500308,Pearson
1CEL_A,enzyme,WAG,0.9998058176884249,Pearson
1CF2_O,enzyme,WAG,0.9993452941268111,Pearson
1CTN_A,enzyme,WAG,0.9995950227881807,Pearson
1CTT_A,enzyme,WAG,0.9996641687252785,Pearson
1CZ1_A,enzyme,WAG,0.9998963212178363,Pearson
1DBT_A,enzyme,WAG,0.9996446317868798,Pearson
1DEK_A,enzyme,WAG,0.9996197861405687,Pearson
1DJ0_A,enzyme,WAG,0.9997716251038802,Pearson
1DPG_A,enzyme,WAG,0.9999076681278856,Pearson
1E2A_A,enzyme,WAG,0.9999699977952038,Pearson
1E3V_A,enzyme,WAG,0.9999929289167909,Pearson
1E6E_A,enzyme,WAG,0.9998659210411059,Pearson
1E7Q_A,enzyme,WAG,0.9998750051037708,Pearson
1EG7_A,enzyme,WAG,0.9999625077273092,Pearson
1EUU_A,enzyme,WAG,0.9991433686242571,Pearson
1EXP_A,enzyme,WAG,0.9999552965409334,Pearson
1FF3_A,enzyme,WAG,0.9998588450680718,Pearson
1FPS_A,enzyme,WAG,0.9999254364749292,Pearson
1FR8_A,enzyme,WAG,0.9985720415173047,Pearson
1G6T_A,enzyme,WAG,0.9996927076215649,Pearson
1G72_A,enzyme,WAG,0.9996639922677774,Pearson
1G79_A,enzyme,WAG,0.9999648123619694,Pearson
1G8F_A,enzyme,WAG,0.99869474739132,Pearson
1GA8_A,enzyme,WAG,0.9998357983151334,Pearson
1GCB_A,enzyme,WAG,0.9997774010768931,Pearson
1GDH_A,enzyme,WAG,0.9999627024622577,Pearson
1GP1_A,enzyme,WAG,0.999659831471841,Pearson
1GPJ_A,enzyme,WAG,0.9989808342380133,Pearson
1GTP_A,enzyme,WAG,0.9999087812401244,Pearson
1H3I_A,enzyme,WAG,0.9985827585458763,Pearson
1HR6_B,enzyme,WAG,0.9995169446371351,Pearson
1HV9_A,enzyme,WAG,0.9998002906325955,Pearson
1IVH_A,enzyme,WAG,0.9998433073415978,Pearson
1J79_A,enzyme,WAG,0.9996554836476326,Pearson
1JOF_A,enzyme,WAG,0.9998701372862575,Pearson
1K30_A,enzyme,WAG,0.9992068245556891,Pearson
1L1D_A,enzyme,WAG,0.9999341559361584,Pearson
1L7N_A,enzyme,WAG,0.9992569050228254,Pearson
1LJL_A,enzyme,WAG,0.9986569671804085,Pearson
1MBB_A,enzyme,WAG,0.9999539269283257,Pearson
1MHY_D,enzyme,WAG,0.9997846340702807,Pearson
1MQW_A,enzyme,WAG,0.9984096913005187,Pearson
1NBA_A,enzyme,WAG,0.9991562430869733,Pearson
1NIR_A,enzyme,WAG,0.9998887693358006,Pearson
1NU3_A,enzyme,WAG,0.9999766367789389,Pearson
1OAC_A,enzyme,WAG,0.9997084014257677,Pearson
1OH9_A,enzyme,WAG,0.9981541075626225,Pearson
1OPM_A,enzyme,WAG,0.9994159405250166,Pearson
1OS7_A,enzyme,WAG,0.9988343415450293,Pearson
1PMA_B,enzyme,WAG,0.9999043146321658,Pearson
1POW_A,enzyme,WAG,0.9998349023719779,Pearson
1QAZ_A,enzyme,WAG,0.9996675998163526,Pearson
1QFM_A,enzyme,WAG,0.9998672041750353,Pearson
1QI9_A,enzyme,WAG,0.9998512142720097,Pearson
1QJE_A,enzyme,WAG,0.9997483448973372,Pearson
1QRG_A,enzyme,WAG,0.9999725068160142,Pearson
1REQ_A,enzyme,WAG,0.999906543569274,Pearson
1S3I_A,enzyme,WAG,0.9999153288819725,Pearson
1S95_A,enzyme,WAG,0.9981617453046211,Pearson
1SML_A,enzyme,WAG,0.9997475183519233,Pearson
1SMN_A,enzyme,WAG,0.9998613993300148,Pearson
1STC_E,enzyme,WAG,0.9993632230883026,Pearson
1TAH_B,enzyme,WAG,0.9988522277194508,Pearson
1TLP_E,enzyme,WAG,0.9998941983848929,Pearson
1TRK_B,enzyme,WAG,0.9999138994720065,Pearson
1TYF_A,enzyme,WAG,0.9999422861620868,Pearson
1UAQ_A,enzyme,WAG,0.9997518205368666,Pearson
1UQT_A,enzyme,WAG,0.9997497197146588,Pearson
1W0H_A,enzyme,WAG,0.9996143281267665,Pearson
1WGI_A,enzyme,WAG,0.999952063127262,Pearson
1YCF_A,enzyme,WAG,0.9997963098719279,Pearson
1YON_A,enzyme,WAG,0.999587215622461,Pearson
1YVE_I,enzyme,WAG,0.9995855348516256,Pearson
1ZE1_A,enzyme,WAG,0.999502933880105,Pearson
206L_A,enzyme,WAG,0.9997969463363161,Pearson
2DOR_A,enzyme,WAG,0.9997423864616598,Pearson
2JCW_A,enzyme,WAG,0.9998870079177945,Pearson
3CSM_A,enzyme,WAG,0.9994085173571722,Pearson
3ECA_A,enzyme,WAG,0.999713400937657,Pearson
3PVA_A,enzyme,WAG,0.9998297248724481,Pearson
7ATJ_A,enzyme,WAG,0.999600770713957,Pearson
ATP6,mito,WAG,0.9996633598001267,Pearson
ATP8,mito,WAG,0.9999942346710231,Pearson
atpA,chloro,WAG,0.9999886699037988,Pearson
atpB,chloro,WAG,0.9999965045139834,Pearson
atpE,chloro,WAG,0.9999228788097329,Pearson
atpF,chloro,WAG,0.9998167975641872,Pearson
atpH,chloro,WAG,0.9999999899876316,Pearson
atpI,chloro,WAG,0.9999978057760596,Pearson
ccsA,chloro,WAG,0.9999839437159703,Pearson
COX1,mito,WAG,0.9997105524367982,Pearson
COX2,mito,WAG,0.998416174918278,Pearson
COX3,mito,WAG,0.9997593683902188,Pearson
CYTB,mito,WAG,0.9997322727838368,Pearson
matK,chloro,WAG,0.9998312931183437,Pearson
ND1,mito,WAG,0.99955314152779,Pearson
ND2,mito,WAG,0.9996280268375064,Pearson
ND3,mito,WAG,0.9953533735226272,Pearson
ND4,mito,WAG,0.998312942147898,Pearson
ND4L,mito,WAG,0.9999140878944363,Pearson
ND5,mito,WAG,0.999217867090951,Pearson
ND6,mito,WAG,0.9991139828643704,Pearson
ndhA,chloro,WAG,0.9999948364168387,Pearson
ndhB,chloro,WAG,0.9999973267837216,Pearson
ndhC,chloro,WAG,0.999995539926055,Pearson
ndhD,chloro,WAG,0.9999965179076864,Pearson
ndhE,chloro,WAG,0.9999996952693607,Pearson
ndhF,chloro,WAG,0.9999247197087104,Pearson
ndhG,chloro,WAG,0.9998659428885786,Pearson
ndhH,chloro,WAG,0.9967305526370446,Pearson
ndhI,chloro,WAG,0.9998481659438605,Pearson
ndhJ,chloro,WAG,0.9999865755684215,Pearson
ndhK,chloro,WAG,0.9996653374792134,Pearson
petA,chloro,WAG,0.9999986266487135,Pearson
petB,chloro,WAG,0.9999668890857873,Pearson
petD,chloro,WAG,0.9996552028566414,Pearson
petG,chloro,WAG,0.9999999398601608,Pearson
petN,chloro,WAG,0.9999994385037654,Pearson
psaA,chloro,WAG,0.9999981288343123,Pearson
psaB,chloro,WAG,0.9976183332841111,Pearson
psaJ,chloro,WAG,0.9995981001599731,Pearson
psbA,chloro,WAG,0.9999958434708808,Pearson
psbB,chloro,WAG,0.9999990958003557,Pearson
psbC,chloro,WAG,0.9999415709444008,Pearson
psbD,chloro,WAG,0.9999344597714706,Pearson
psbE,chloro,WAG,0.9999996993813054,Pearson
psbF,chloro,WAG,0.9999999881854891,Pearson
psbJ,chloro,WAG,0.9999974013022067,Pearson
psbK,chloro,WAG,0.9998459383007475,Pearson
psbL,chloro,WAG,0.9999681632806758,Pearson
psbN,chloro,WAG,0.9999999055374581,Pearson
psbT,chloro,WAG,0.9999751481483761,Pearson
rbcL,chloro,WAG,0.999987452335299,Pearson
rpl14,chloro,WAG,0.9999954384309512,Pearson
rpl16,chloro,WAG,0.9997788862944937,Pearson
rpl20,chloro,WAG,0.9997910283589428,Pearson
rpl22,chloro,WAG,0.9997435123160578,Pearson
rpl36,chloro,WAG,0.9865679754661423,Pearson
rpoB,chloro,WAG,0.9999903259104511,Pearson
rpoC1,chloro,WAG,0.9999704860667026,Pearson
rpoC2,chloro,WAG,0.9994219404333446,Pearson
rps11,chloro,WAG,0.9999871577501256,Pearson
rps12,chloro,WAG,0.9998281193468923,Pearson
rps14,chloro,WAG,0.9999977164879191,Pearson
rps15,chloro,WAG,0.9999823770674823,Pearson
rps2,chloro,WAG,0.9999768701332977,Pearson
rps3,chloro,WAG,0.9994737767148756,Pearson
rps4,chloro,WAG,0.9999931571754823,Pearson
rps7,chloro,WAG,0.9999993651670841,Pearson
rps8,chloro,WAG,0.9999310015844104,Pearson
ycf1,chloro,WAG,0.9992647881944688,Pearson
ycf2,chloro,WAG,0.9998618435536137,Pearson
ycf3,chloro,WAG,0.9998315750317454,Pearson
ycf4,chloro,WAG,0.9998304046592196,Pearson
13PK_A,enzyme,JTT,0.9998546687654857,Pearson
1A16_A,enzyme,JTT,0.9999620327051315,Pearson
1A4L_A,enzyme,JTT,0.9996344465129845,Pearson
1A50_B,enzyme,JTT,0.9998883959289955,Pearson
1A8H_A,enzyme,JTT,0.9999218041573381,Pearson
1A8S_A,enzyme,JTT,0.9998425993805888,Pearson
1AF7_A,enzyme,JTT,0.9996719877002863,Pearson
1AJ8_A,enzyme,JTT,0.9999107458177874,Pearson
1B73_A,enzyme,JTT,0.9999394373935577,Pearson
1B8F_A,enzyme,JTT,0.9999192283371461,Pearson
1B93_A,enzyme,JTT,0.999912128740455,Pearson
1BF2_A,enzyme,JTT,0.9996118402465863,Pearson
1BJO_A,enzyme,JTT,0.9997615487972086,Pearson
1BQC_A,enzyme,JTT,0.9998005088735566,Pearson
1BZC_A,enzyme,JTT,0.9994563851550716,Pearson
1C0K_A,enzyme,JTT,0.9996667907927824,Pearson
1C2T_A,enzyme,JTT,0.999906463755648,Pearson
1C82_A,enzyme,JTT,0.9998292719394215,Pearson
1CBG_A,enzyme,JTT,0.9997265130661628,Pearson
1CEL_A,enzyme,JTT,0.9999428046082421,Pearson
1CF2_O,enzyme,JTT,0.9997417795947295,Pearson
1CTN_A,enzyme,JTT,0.9997254832103784,Pearson
1CTT_A,enzyme,JTT,0.9997854956419754,Pearson
1CZ1_A,enzyme,JTT,0.9999614336388967,Pearson
1DBT_A,enzyme,JTT,0.999982091427635,Pearson
1DEK_A,enzyme,JTT,0.999521456277993,Pearson
1DJ0_A,enzyme,JTT,0.9999503583444768,Pearson
1DPG_A,enzyme,JTT,0.9998641400128404,Pearson
1E2A_A,enzyme,JTT,0.99995793246652,Pearson
1E3V_A,enzyme,JTT,0.9999917949390292,Pearson
1E6E_A,enzyme,JTT,0.9996127570237116,Pearson
1E7Q_A,enzyme,JTT,0.999820128950259,Pearson
1EG7_A,enzyme,JTT,0.999991161572975,Pearson
1EUU_A,enzyme,JTT,0.9994782423952882,Pearson
1EXP_A,enzyme,JTT,0.99996284940225,Pearson
1FF3_A,enzyme,JTT,0.9997676786512912,Pearson
1FPS_A,enzyme,JTT,0.9999580830184793,Pearson
1FR8_A,enzyme,JTT,0.9992882889979268,Pearson
1G6T_A,enzyme,JTT,0.9998488569257133,Pearson
1G72_A,enzyme,JTT,0.99967416910811,Pearson
1G79_A,enzyme,JTT,0.9999464126702722,Pearson
1G8F_A,enzyme,JTT,0.9999157649501571,Pearson
1GA8_A,enzyme,JTT,0.9968078203837406,Pearson
1GCB_A,enzyme,JTT,0.9997756713848753,Pearson
1GDH_A,enzyme,JTT,0.9998520749551549,Pearson
1GP1_A,enzyme,JTT,0.9996043181189532,Pearson
1GPJ_A,enzyme,JTT,0.9999001517617999,Pearson
1GTP_A,enzyme,JTT,0.9999479456568173,Pearson
1H3I_A,enzyme,JTT,0.999191046010899,Pearson
1HR6_B,enzyme,JTT,0.9999552495984563,Pearson
1HV9_A,enzyme,JTT,0.9999886913969789,Pearson
1IVH_A,enzyme,JTT,0.999819473511103,Pearson
1J79_A,enzyme,JTT,0.9999551295806345,Pearson
1JOF_A,enzyme,JTT,0.9996102271208787,Pearson
1K30_A,enzyme,JTT,0.9989468156033575,Pearson
1L1D_A,enzyme,JTT,0.9999787943577917,Pearson
1L7N_A,enzyme,JTT,0.9999023751191131,Pearson
1LJL_A,enzyme,JTT,0.9999562900853869,Pearson
1MBB_A,enzyme,JTT,0.9999642799919073,Pearson
1MHY_D,enzyme,JTT,0.9999720208467553,Pearson
1MQW_A,enzyme,JTT,0.9999815950585846,Pearson
1NBA_A,enzyme,JTT,0.9998622522240114,Pearson
1NIR_A,enzyme,JTT,0.9998605124297485,Pearson
1NU3_A,enzyme,JTT,0.9999687589580691,Pearson
1OAC_A,enzyme,JTT,0.9995400321982629,Pearson
1OH9_A,enzyme,JTT,0.9999336173075306,Pearson
1OPM_A,enzyme,JTT,0.9995998039964029,Pearson
1OS7_A,enzyme,JTT,0.9999431312804212,Pearson
1PMA_B,enzyme,JTT,0.9997806816521603,Pearson
1POW_A,enzyme,JTT,0.9997916009577094,Pearson
1QAZ_A,enzyme,JTT,0.9998334077061953,Pearson
1QFM_A,enzyme,JTT,0.9999075490878029,Pearson
1QI9_A,enzyme,JTT,0.999882995312994,Pearson
1QJE_A,enzyme,JTT,0.999810766285914,Pearson
1QRG_A,enzyme,JTT,0.9998889941110721,Pearson
1REQ_A,enzyme,JTT,0.9999100938004164,Pearson
1S3I_A,enzyme,JTT,0.9998588116829734,Pearson
1S95_A,enzyme,JTT,0.9997524946709815,Pearson
1SML_A,enzyme,JTT,0.9997611542929963,Pearson
1SMN_A,enzyme,JTT,0.999513344104791,Pearson
1STC_E,enzyme,JTT,0.9997236088392701,Pearson
1TAH_B,enzyme,JTT,0.9998919465796801,Pearson
1TLP_E,enzyme,JTT,0.999876829988283,Pearson
1TRK_B,enzyme,JTT,0.9997348663082083,Pearson
1TYF_A,enzyme,JTT,0.9999209042518902,Pearson
1UAQ_A,enzyme,JTT,0.9999164636783741,Pearson
1UQT_A,enzyme,JTT,0.9999002282485033,Pearson
1W0H_A,enzyme,JTT,0.9993154042470244,Pearson
1WGI_A,enzyme,JTT,0.9999591492769722,Pearson
1YCF_A,enzyme,JTT,0.9998851881391696,Pearson
1YON_A,enzyme,JTT,0.9999194725814492,Pearson
1YVE_I,enzyme,JTT,0.9995437171768534,Pearson
1ZE1_A,enzyme,JTT,0.999924266348051,Pearson
206L_A,enzyme,JTT,0.9998952871818675,Pearson
2DOR_A,enzyme,JTT,0.9996631776094965,Pearson
2JCW_A,enzyme,JTT,0.9998727188487864,Pearson
3CSM_A,enzyme,JTT,0.9991751327305362,Pearson
3ECA_A,enzyme,JTT,0.9998678632056146,Pearson
3PVA_A,enzyme,JTT,0.9999645263244114,Pearson
7ATJ_A,enzyme,JTT,0.9999641062715442,Pearson
ATP6,mito,JTT,0.9996501784150845,Pearson
ATP8,mito,JTT,0.9999925594173419,Pearson
atpA,chloro,JTT,0.9999945466950421,Pearson
atpB,chloro,JTT,0.9999963459302765,Pearson
atpE,chloro,JTT,0.9999117778772215,Pearson
atpF,chloro,JTT,0.999958065752654,Pearson
atpH,chloro,JTT,0.9999999855618881,Pearson
atpI,chloro,JTT,0.9999554487797302,Pearson
ccsA,chloro,JTT,0.9999810664069915,Pearson
COX1,mito,JTT,0.9996525464272473,Pearson
COX2,mito,JTT,0.9984221263868661,Pearson
COX3,mito,JTT,0.9993884991252248,Pearson
CYTB,mito,JTT,0.9997721436697562,Pearson
matK,chloro,JTT,0.9999537395530276,Pearson
ND1,mito,JTT,0.9996917567144896,Pearson
ND2,mito,JTT,0.9995537628979317,Pearson
ND3,mito,JTT,0.9992734111565991,Pearson
ND4,mito,JTT,0.9981598921134149,Pearson
ND4L,mito,JTT,0.9999069824090256,Pearson
ND5,mito,JTT,0.9979436627872625,Pearson
ND6,mito,JTT,0.9990863213723276,Pearson
ndhA,chloro,JTT,0.9999941875212917,Pearson
ndhB,chloro,JTT,0.9999836315251398,Pearson
ndhC,chloro,JTT,0.9999953685892016,Pearson
ndhD,chloro,JTT,0.9999952872824325,Pearson
ndhE,chloro,JTT,0.9999994086696459,Pearson
ndhF,chloro,JTT,0.9999355679953041,Pearson
ndhG,chloro,JTT,0.9999748356752324,Pearson
ndhH,chloro,JTT,0.9969043138875893,Pearson
ndhI,chloro,JTT,0.9999644158550259,Pearson
ndhJ,chloro,JTT,0.9999859652946578,Pearson
ndhK,chloro,JTT,0.9998494270356784,Pearson
petA,chloro,JTT,0.9999982197891168,Pearson
petB,chloro,JTT,0.9999683393077773,Pearson
petD,chloro,JTT,0.999738461416013,Pearson
petG,chloro,JTT,0.9999998835061343,Pearson
petN,chloro,JTT,0.9999991798581218,Pearson
psaA,chloro,JTT,0.9999982390382393,Pearson
psaB,chloro,JTT,0.9977514635291673,Pearson
psaJ,chloro,JTT,0.9998283111419021,Pearson
psbA,chloro,JTT,0.9999959359451163,Pearson
psbB,chloro,JTT,0.9999989742753069,Pearson
psbC,chloro,JTT,0.9999401098088687,Pearson
psbD,chloro,JTT,0.9999297649057923,Pearson
psbE,chloro,JTT,0.9999997129009336,Pearson
psbF,chloro,JTT,0.9999999891530515,Pearson
psbJ,chloro,JTT,0.999996138082836,Pearson
psbK,chloro,JTT,0.9997481241755825,Pearson
psbL,chloro,JTT,0.9999180538750173,Pearson
psbN,chloro,JTT,0.9999998561706787,Pearson
psbT,chloro,JTT,0.9999760556549868,Pearson
rbcL,chloro,JTT,0.9998880028550897,Pearson
rpl14,chloro,JTT,0.9999976792686452,Pearson
rpl16,chloro,JTT,0.9996770541764822,Pearson
rpl20,chloro,JTT,0.999871563417399,Pearson
rpl22,chloro,JTT,0.999820907118815,Pearson
rpl36,chloro,JTT,0.973744149348736,Pearson
rpoB,chloro,JTT,0.9999883978022689,Pearson
rpoC1,chloro,JTT,0.9999855678569076,Pearson
rpoC2,chloro,JTT,0.9998870556661515,Pearson
rps11,chloro,JTT,0.9997679012690709,Pearson
rps12,chloro,JTT,0.999824010548547,Pearson
rps14,chloro,JTT,0.9999975356873173,Pearson
rps15,chloro,JTT,0.9999783048117873,Pearson
rps2,chloro,JTT,0.9999809010649563,Pearson
rps3,chloro,JTT,0.9999894827564894,Pearson
rps4,chloro,JTT,0.9999940636044432,Pearson
rps7,chloro,JTT,0.9999992219984322,Pearson
rps8,chloro,JTT,0.9998910635363334,Pearson
ycf1,chloro,JTT,0.9998108922237059,Pearson
ycf2,chloro,JTT,0.9998599666261231,Pearson
ycf3,chloro,JTT,0.9999295277113046,Pearson
ycf4,chloro,JTT,0.9995678765759644,Pearson
13PK_A,enzyme,mtVer,0.9990077854692359,Pearson
1A16_A,enzyme,mtVer,0.9998912134440819,Pearson
1A4L_A,enzyme,mtVer,0.9993597002528309,Pearson
1A50_B,enzyme,mtVer,0.9988892650940591,Pearson
1A8H_A,enzyme,mtVer,0.9997471617102474,Pearson
1A8S_A,enzyme,mtVer,0.9991041366970072,Pearson
1AF7_A,enzyme,mtVer,0.9989304769523744,Pearson
1AJ8_A,enzyme,mtVer,0.9989722775051812,Pearson
1B73_A,enzyme,mtVer,0.9996663745732446,Pearson
1B8F_A,enzyme,mtVer,0.9989039968954593,Pearson
1B93_A,enzyme,mtVer,0.9990862409484161,Pearson
1BF2_A,enzyme,mtVer,0.9988021094465359,Pearson
1BJO_A,enzyme,mtVer,0.9997855593047587,Pearson
1BQC_A,enzyme,mtVer,0.9995813996933185,Pearson
1BZC_A,enzyme,mtVer,0.9992517694994646,Pearson
1C0K_A,enzyme,mtVer,0.9997145671863928,Pearson
1C2T_A,enzyme,mtVer,0.9998652922809927,Pearson
1C82_A,enzyme,mtVer,0.9999390583650182,Pearson
1CBG_A,enzyme,mtVer,0.9988770360654162,Pearson
1CEL_A,enzyme,mtVer,0.9997708799943431,Pearson
1CF2_O,enzyme,mtVer,0.9996033825124514,Pearson
1CTN_A,enzyme,mtVer,0.9994419897831673,Pearson
1CTT_A,enzyme,mtVer,0.9994256738172483,Pearson
1CZ1_A,enzyme,mtVer,0.9994467305179615,Pearson
1DBT_A,enzyme,mtVer,0.9998732562997751,Pearson
1DEK_A,enzyme,mtVer,0.999349451414967,Pearson
1DJ0_A,enzyme,mtVer,0.998946687574181,Pearson
1DPG_A,enzyme,mtVer,0.9997859958498262,Pearson
1E2A_A,enzyme,mtVer,0.9994793248686198,Pearson
1E3V_A,enzyme,mtVer,0.9996071208809902,Pearson
1E6E_A,enzyme,mtVer,0.9994121508513242,Pearson
1E7Q_A,enzyme,mtVer,0.9990977244710022,Pearson
1EG7_A,enzyme,mtVer,0.9999375603798775,Pearson
1EUU_A,enzyme,mtVer,0.9988053347464614,Pearson
1EXP_A,enzyme,mtVer,0.999546152065032,Pearson
1FF3_A,enzyme,mtVer,0.9994118382684811,Pearson
1FPS_A,enzyme,mtVer,0.9995638161604561,Pearson
1FR8_A,enzyme,mtVer,0.999442441386943,Pearson
1G6T_A,enzyme,mtVer,0.9995259329611638,Pearson
1G72_A,enzyme,mtVer,0.999444760413855,Pearson
1G79_A,enzyme,mtVer,0.9995039011462176,Pearson
1G8F_A,enzyme,mtVer,0.9993958817854746,Pearson
1GA8_A,enzyme,mtVer,0.9953359502689543,Pearson
1GCB_A,enzyme,mtVer,0.9992310690003599,Pearson
1GDH_A,enzyme,mtVer,0.9976915857512524,Pearson
1GP1_A,enzyme,mtVer,0.9996890435262922,Pearson
1GPJ_A,enzyme,mtVer,0.9983477785905879,Pearson
1GTP_A,enzyme,mtVer,0.9992812427678232,Pearson
1H3I_A,enzyme,mtVer,0.9989509546067801,Pearson
1HR6_B,enzyme,mtVer,0.9993254267080116,Pearson
1HV9_A,enzyme,mtVer,0.9992778773614255,Pearson
1IVH_A,enzyme,mtVer,0.9996933391563341,Pearson
1J79_A,enzyme,mtVer,0.9996049645163055,Pearson
1JOF_A,enzyme,mtVer,0.9993578422024907,Pearson
1K30_A,enzyme,mtVer,0.9997521341974283,Pearson
1L1D_A,enzyme,mtVer,0.9993179451428813,Pearson
1L7N_A,enzyme,mtVer,0.9998498794899356,Pearson
1LJL_A,enzyme,mtVer,0.9985055695212692,Pearson
1MBB_A,enzyme,mtVer,0.9996144546626695,Pearson
1MHY_D,enzyme,mtVer,0.9992705598058079,Pearson
1MQW_A,enzyme,mtVer,0.9988786287508932,Pearson
1NBA_A,enzyme,mtVer,0.9995487986883257,Pearson
1NIR_A,enzyme,mtVer,0.9998339664144581,Pearson
1NU3_A,enzyme,mtVer,0.9997305924132441,Pearson
1OAC_A,enzyme,mtVer,0.9992595980157799,Pearson
1OH9_A,enzyme,mtVer,0.9998088490102184,Pearson
1OPM_A,enzyme,mtVer,0.999627543549796,Pearson
1OS7_A,enzyme,mtVer,0.999578105510044,Pearson
1PMA_B,enzyme,mtVer,0.9994784250283679,Pearson
1POW_A,enzyme,mtVer,0.9997468281711583,Pearson
1QAZ_A,enzyme,mtVer,0.9997281524620325,Pearson
1QFM_A,enzyme,mtVer,0.9993086540057428,Pearson
1QI9_A,enzyme,mtVer,0.999718612097009,Pearson
1QJE_A,enzyme,mtVer,0.9982295087642444,Pearson
1QRG_A,enzyme,mtVer,0.9993700877627822,Pearson
1REQ_A,enzyme,mtVer,0.9995238677704531,Pearson
1S3I_A,enzyme,mtVer,0.9995288819127335,Pearson
1S95_A,enzyme,mtVer,0.9994397862282325,Pearson
1SML_A,enzyme,mtVer,0.9994261063199515,Pearson
1SMN_A,enzyme,mtVer,0.999208701143677,Pearson
1STC_E,enzyme,mtVer,0.9983979623225527,Pearson
1TAH_B,enzyme,mtVer,0.9998217031441251,Pearson
1TLP_E,enzyme,mtVer,0.9998077272294117,Pearson
1TRK_B,enzyme,mtVer,0.9996445085609146,Pearson
1TYF_A,enzyme,mtVer,0.9997523584400797,Pearson
1UAQ_A,enzyme,mtVer,0.999370290232145,Pearson
1UQT_A,enzyme,mtVer,0.9986525524667965,Pearson
1W0H_A,enzyme,mtVer,0.9993456730799088,Pearson
1WGI_A,enzyme,mtVer,0.9995470753610518,Pearson
1YCF_A,enzyme,mtVer,0.9996761932094745,Pearson
1YON_A,enzyme,mtVer,0.9997541965875657,Pearson
1YVE_I,enzyme,mtVer,0.9992867729082267,Pearson
1ZE1_A,enzyme,mtVer,0.9994576135718183,Pearson
206L_A,enzyme,mtVer,0.99985873530735625,Pearson
2DOR_A,enzyme,mtVer,0.99836798030516,Pearson
2JCW_A,enzyme,mtVer,0.9994768758132765,Pearson
3CSM_A,enzyme,mtVer,0.9990167764232917,Pearson
3ECA_A,enzyme,mtVer,0.9995675871071423,Pearson
3PVA_A,enzyme,mtVer,0.9997403354196632,Pearson
7ATJ_A,enzyme,mtVer,0.9990491555329307,Pearson
ATP6,mito,mtVer,0.9994741799327881,Pearson
ATP8,mito,mtVer,0.9999881276213746,Pearson
atpA,chloro,mtVer,0.9999661663077548,Pearson
atpB,chloro,mtVer,0.9999874433464386,Pearson
atpE,chloro,mtVer,0.9999489061079168,Pearson
atpF,chloro,mtVer,0.9999582588716439,Pearson
atpH,chloro,mtVer,0.9999998823560277,Pearson
atpI,chloro,mtVer,0.9999929676560735,Pearson
ccsA,chloro,mtVer,0.9998741367540589,Pearson
COX1,mito,mtVer,NA,Pearson
COX2,mito,mtVer,0.9983368351395062,Pearson
COX3,mito,mtVer,0.9992848349034054,Pearson
CYTB,mito,mtVer,NA,Pearson
matK,chloro,mtVer,0.999871481691218,Pearson
ND1,mito,mtVer,NA,Pearson
ND2,mito,mtVer,NA,Pearson
ND3,mito,mtVer,0.9985956070441173,Pearson
ND4,mito,mtVer,NA,Pearson
ND4L,mito,mtVer,NA,Pearson
ND5,mito,mtVer,NA,Pearson
ND6,mito,mtVer,0.998236859318563,Pearson
ndhA,chloro,mtVer,0.9999715387417614,Pearson
ndhB,chloro,mtVer,0.9999950037535694,Pearson
ndhC,chloro,mtVer,0.9999898547362285,Pearson
ndhD,chloro,mtVer,0.9999966690818797,Pearson
ndhE,chloro,mtVer,0.9999986978885838,Pearson
ndhF,chloro,mtVer,0.9997429287085032,Pearson
ndhG,chloro,mtVer,0.999975286122484,Pearson
ndhH,chloro,mtVer,0.9975046737073562,Pearson
ndhI,chloro,mtVer,0.9999353817172963,Pearson
ndhJ,chloro,mtVer,0.999960460605286,Pearson
ndhK,chloro,mtVer,0.9993499332076177,Pearson
petA,chloro,mtVer,0.999934666631102,Pearson
petB,chloro,mtVer,0.9998514760214372,Pearson
petD,chloro,mtVer,0.9995882676451022,Pearson
petG,chloro,mtVer,0.9999988422146056,Pearson
petN,chloro,mtVer,0.9999971530958971,Pearson
psaA,chloro,mtVer,0.999996176502273,Pearson
psaB,chloro,mtVer,0.9973399186504264,Pearson
psaJ,chloro,mtVer,0.9998887503458534,Pearson
psbA,chloro,mtVer,0.9999899219901179,Pearson
psbB,chloro,mtVer,0.9999957099850422,Pearson
psbC,chloro,mtVer,0.9999963249658883,Pearson
psbD,chloro,mtVer,0.9999927322274439,Pearson
psbE,chloro,mtVer,0.9999953271646265,Pearson
psbF,chloro,mtVer,0.9999999805332475,Pearson
psbJ,chloro,mtVer,0.9999895827745179,Pearson
psbK,chloro,mtVer,0.9994046019229919,Pearson
psbL,chloro,mtVer,0.9961521304999709,Pearson
psbN,chloro,mtVer,0.9999992931298315,Pearson
psbT,chloro,mtVer,0.9996917114840083,Pearson
rbcL,chloro,mtVer,0.9998109235756429,Pearson
rpl14,chloro,mtVer,0.9998420022198585,Pearson
rpl16,chloro,mtVer,0.9996580225557015,Pearson
rpl20,chloro,mtVer,0.9998503717575007,Pearson
rpl22,chloro,mtVer,0.9996368705270622,Pearson
rpl36,chloro,mtVer,0.9979632805403712,Pearson
rpoB,chloro,mtVer,0.9999717437831381,Pearson
rpoC1,chloro,mtVer,0.9999644111907431,Pearson
rpoC2,chloro,mtVer,0.9997928785279978,Pearson
rps11,chloro,mtVer,0.9999368704063147,Pearson
rps12,chloro,mtVer,0.9991632726806473,Pearson
rps14,chloro,mtVer,0.9999933369556252,Pearson
rps15,chloro,mtVer,0.9999649249182736,Pearson
rps2,chloro,mtVer,0.9999381778276341,Pearson
rps3,chloro,mtVer,0.9999741064689334,Pearson
rps4,chloro,mtVer,0.9999688364654457,Pearson
rps7,chloro,mtVer,0.9999937932243368,Pearson
rps8,chloro,mtVer,0.9996910413171481,Pearson
ycf1,chloro,mtVer,0.999840232005693,Pearson
ycf2,chloro,mtVer,0.9997102966924469,Pearson
ycf3,chloro,mtVer,0.9998118921921789,Pearson
ycf4,chloro,mtVer,0.999897758233786,Pearson
13PK_A,enzyme,cpREV,0.9998295425248691,Pearson
1A16_A,enzyme,cpREV,0.9997349207654667,Pearson
1A4L_A,enzyme,cpREV,0.9979472889994964,Pearson
1A50_B,enzyme,cpREV,0.9997527078788365,Pearson
1A8H_A,enzyme,cpREV,0.9998812908206292,Pearson
1A8S_A,enzyme,cpREV,0.9998616411746372,Pearson
1AF7_A,enzyme,cpREV,0.996858912158773,Pearson
1AJ8_A,enzyme,cpREV,0.9994588579146924,Pearson
1B73_A,enzyme,cpREV,0.9996365856225294,Pearson
1B8F_A,enzyme,cpREV,0.9994132474862901,Pearson
1B93_A,enzyme,cpREV,0.9998801762446407,Pearson
1BF2_A,enzyme,cpREV,0.9994603004237254,Pearson
1BJO_A,enzyme,cpREV,0.9997900330839276,Pearson
1BQC_A,enzyme,cpREV,0.9999115572466304,Pearson
1BZC_A,enzyme,cpREV,0.9981741419887069,Pearson
1C0K_A,enzyme,cpREV,0.9997285139612371,Pearson
1C2T_A,enzyme,cpREV,0.9999576815397357,Pearson
1C82_A,enzyme,cpREV,0.9996443807584331,Pearson
1CBG_A,enzyme,cpREV,0.9994261599807932,Pearson
1CEL_A,enzyme,cpREV,0.9997514233266241,Pearson
1CF2_O,enzyme,cpREV,0.9996315212555958,Pearson
1CTN_A,enzyme,cpREV,0.9993775606341181,Pearson
1CTT_A,enzyme,cpREV,0.9995625785650583,Pearson
1CZ1_A,enzyme,cpREV,0.9995959088458898,Pearson
1DBT_A,enzyme,cpREV,0.9997022298926858,Pearson
1DEK_A,enzyme,cpREV,0.9976688916866607,Pearson
1DJ0_A,enzyme,cpREV,0.9999640746472069,Pearson
1DPG_A,enzyme,cpREV,0.9993711998883497,Pearson
1E2A_A,enzyme,cpREV,0.9997828145497897,Pearson
1E3V_A,enzyme,cpREV,0.9997840135707936,Pearson
1E6E_A,enzyme,cpREV,0.9994262524307982,Pearson
1E7Q_A,enzyme,cpREV,0.9989390710319288,Pearson
1EG7_A,enzyme,cpREV,0.9999704077557194,Pearson
1EUU_A,enzyme,cpREV,0.9995824621532106,Pearson
1EXP_A,enzyme,cpREV,0.9999271621347282,Pearson
1FF3_A,enzyme,cpREV,0.9999203452639225,Pearson
1FPS_A,enzyme,cpREV,0.9998886044827894,Pearson
1FR8_A,enzyme,cpREV,0.9990153818563067,Pearson
1G6T_A,enzyme,cpREV,0.9998610501503965,Pearson
1G72_A,enzyme,cpREV,0.9993283893413578,Pearson
1G79_A,enzyme,cpREV,0.9999671611888885,Pearson
1G8F_A,enzyme,cpREV,0.9996395618628282,Pearson
1GA8_A,enzyme,cpREV,0.9987011751832484,Pearson
1GCB_A,enzyme,cpREV,0.9993105283944336,Pearson
1GDH_A,enzyme,cpREV,0.9999420933570817,Pearson
1GP1_A,enzyme,cpREV,0.9996043050149312,Pearson
1GPJ_A,enzyme,cpREV,0.9990881721111016,Pearson
1GTP_A,enzyme,cpREV,0.9999702414052055,Pearson
1H3I_A,enzyme,cpREV,0.9980521678594947,Pearson
1HR6_B,enzyme,cpREV,0.9990733656112153,Pearson
1HV9_A,enzyme,cpREV,0.999602138316637,Pearson
1IVH_A,enzyme,cpREV,0.9994709344614221,Pearson
1J79_A,enzyme,cpREV,0.9992446918986518,Pearson
1JOF_A,enzyme,cpREV,0.9997493117965612,Pearson
1K30_A,enzyme,cpREV,0.999699687556997,Pearson
1L1D_A,enzyme,cpREV,0.9997095461576511,Pearson
1L7N_A,enzyme,cpREV,0.9999641541861586,Pearson
1LJL_A,enzyme,cpREV,0.9999142708770977,Pearson
1MBB_A,enzyme,cpREV,0.9994445535307716,Pearson
1MHY_D,enzyme,cpREV,0.9999414960414955,Pearson
1MQW_A,enzyme,cpREV,0.9998247264742736,Pearson
1NBA_A,enzyme,cpREV,0.9998509118923906,Pearson
1NIR_A,enzyme,cpREV,0.9999299607870349,Pearson
1NU3_A,enzyme,cpREV,0.9999754151476385,Pearson
1OAC_A,enzyme,cpREV,0.9998495905471855,Pearson
1OH9_A,enzyme,cpREV,0.9983543042294933,Pearson
1OPM_A,enzyme,cpREV,0.9996927054886925,Pearson
1OS7_A,enzyme,cpREV,0.9993655935094398,Pearson
1PMA_B,enzyme,cpREV,0.999843312323471,Pearson
1POW_A,enzyme,cpREV,0.9999730331657911,Pearson
1QAZ_A,enzyme,cpREV,0.9998331368724042,Pearson
1QFM_A,enzyme,cpREV,0.9996362590430541,Pearson
1QI9_A,enzyme,cpREV,0.999660022315363,Pearson
1QJE_A,enzyme,cpREV,0.9999217591971115,Pearson
1QRG_A,enzyme,cpREV,0.9999264453899712,Pearson
1REQ_A,enzyme,cpREV,0.9999239712645616,Pearson
1S3I_A,enzyme,cpREV,0.9999184776148812,Pearson
1S95_A,enzyme,cpREV,0.9977614069989572,Pearson
1SML_A,enzyme,cpREV,0.9997012945094839,Pearson
1SMN_A,enzyme,cpREV,0.9999394627302812,Pearson
1STC_E,enzyme,cpREV,0.9989951848985495,Pearson
1TAH_B,enzyme,cpREV,0.9994929667454469,Pearson
1TLP_E,enzyme,cpREV,0.9998232509397844,Pearson
1TRK_B,enzyme,cpREV,0.9998662226281907,Pearson
1TYF_A,enzyme,cpREV,0.9996798396043532,Pearson
1UAQ_A,enzyme,cpREV,0.9998715334486317,Pearson
1UQT_A,enzyme,cpREV,0.9993351492397753,Pearson
1W0H_A,enzyme,cpREV,0.9997981023102759,Pearson
1WGI_A,enzyme,cpREV,0.999811888138337,Pearson
1YCF_A,enzyme,cpREV,0.9998702942117507,Pearson
1YON_A,enzyme,cpREV,0.999764584552046,Pearson
1YVE_I,enzyme,cpREV,0.9994308407781324,Pearson
1ZE1_A,enzyme,cpREV,0.999264867878483,Pearson
206L_A,enzyme,cpREV,0.9998482015762237,Pearson
2DOR_A,enzyme,cpREV,0.9968750209503626,Pearson
2JCW_A,enzyme,cpREV,0.9999680609171087,Pearson
3CSM_A,enzyme,cpREV,0.999531053769157,Pearson
3ECA_A,enzyme,cpREV,0.9995304512620085,Pearson
3PVA_A,enzyme,cpREV,0.9998307865654575,Pearson
7ATJ_A,enzyme,cpREV,0.9996231715691118,Pearson
ATP6,mito,cpREV,0.9981611280321929,Pearson
ATP8,mito,cpREV,0.999991379544946,Pearson
atpA,chloro,cpREV,0.9999851583668472,Pearson
atpB,chloro,cpREV,0.9999941866225918,Pearson
atpE,chloro,cpREV,0.9999440632720233,Pearson
atpF,chloro,cpREV,0.9999611187695336,Pearson
atpH,chloro,cpREV,0.9999999927547658,Pearson
atpI,chloro,cpREV,0.9999979386777555,Pearson
ccsA,chloro,cpREV,0.9999078262724281,Pearson
COX1,mito,cpREV,0.9994365558199029,Pearson
COX2,mito,cpREV,0.9990894166779132,Pearson
COX3,mito,cpREV,0.9997500745678389,Pearson
CYTB,mito,cpREV,0.9991417685304959,Pearson
matK,chloro,cpREV,0.9995433867683431,Pearson
ND1,mito,cpREV,0.9995885768286125,Pearson
ND2,mito,cpREV,0.9996728942213022,Pearson
ND3,mito,cpREV,0.9991354854017175,Pearson
ND4,mito,cpREV,0.9992104973252869,Pearson
ND4L,mito,cpREV,0.9992493856643608,Pearson
ND5,mito,cpREV,0.9973810142170554,Pearson
ND6,mito,cpREV,0.9990799547540278,Pearson
ndhA,chloro,cpREV,0.9999955458116858,Pearson
ndhB,chloro,cpREV,0.9998767705478858,Pearson
ndhC,chloro,cpREV,0.9999928990083231,Pearson
ndhD,chloro,cpREV,0.9999976890857515,Pearson
ndhE,chloro,cpREV,0.999999777459952,Pearson
ndhF,chloro,cpREV,0.9999449027764803,Pearson
ndhG,chloro,cpREV,0.9996120019738376,Pearson
ndhH,chloro,cpREV,0.9972499690342762,Pearson
ndhI,chloro,cpREV,0.9999272582143326,Pearson
ndhJ,chloro,cpREV,0.9999850948867571,Pearson
ndhK,chloro,cpREV,0.9999429309395159,Pearson
petA,chloro,cpREV,0.9999973761892522,Pearson
petB,chloro,cpREV,0.9999573420823694,Pearson
petD,chloro,cpREV,0.999778453047247,Pearson
petG,chloro,cpREV,0.9999999614209641,Pearson
petN,chloro,cpREV,0.999999500170661,Pearson
psaA,chloro,cpREV,0.9999979609779331,Pearson
psaB,chloro,cpREV,0.9994404907322672,Pearson
psaJ,chloro,cpREV,0.9996034895471918,Pearson
psbA,chloro,cpREV,0.9999953319721518,Pearson
psbB,chloro,cpREV,0.9999988850839334,Pearson
psbC,chloro,cpREV,0.999995641370071,Pearson
psbD,chloro,cpREV,0.9999331119962298,Pearson
psbE,chloro,cpREV,0.9999997785702638,Pearson
psbF,chloro,cpREV,0.9999999938273374,Pearson
psbJ,chloro,cpREV,0.9999981799428903,Pearson
psbK,chloro,cpREV,0.9998835719683165,Pearson
psbL,chloro,cpREV,0.999965768424657,Pearson
psbN,chloro,cpREV,0.9999999127424521,Pearson
psbT,chloro,cpREV,0.9998358031167012,Pearson
rbcL,chloro,cpREV,0.9998624570710716,Pearson
rpl14,chloro,cpREV,0.9999977895570267,Pearson
rpl16,chloro,cpREV,0.9997091851458347,Pearson
rpl20,chloro,cpREV,0.9993577920013678,Pearson
rpl22,chloro,cpREV,0.9998006420743837,Pearson
rpl36,chloro,cpREV,0.9979031932951921,Pearson
rpoB,chloro,cpREV,0.9999918158003528,Pearson
rpoC1,chloro,cpREV,0.9999772304746705,Pearson
rpoC2,chloro,cpREV,0.9998426150766775,Pearson
rps11,chloro,cpREV,0.9999630972284086,Pearson
rps12,chloro,cpREV,0.9993147279366049,Pearson
rps14,chloro,cpREV,0.9999967414775887,Pearson
rps15,chloro,cpREV,0.9999879534393727,Pearson
rps2,chloro,cpREV,0.9997432159661325,Pearson
rps3,chloro,cpREV,0.9999869339772383,Pearson
rps4,chloro,cpREV,0.9999822609693974,Pearson
rps7,chloro,cpREV,0.9999989517183443,Pearson
rps8,chloro,cpREV,0.9999581892534011,Pearson
ycf1,chloro,cpREV,0.9998478382017382,Pearson
ycf2,chloro,cpREV,0.9995848223544239,Pearson
ycf3,chloro,cpREV,0.9997673557301269,Pearson
ycf4,chloro,cpREV,0.9984018937364011,Pearson
13PK_A,enzyme,JC69,0.9993941004263148,Pearson
1A16_A,enzyme,JC69,0.9993544299325623,Pearson
1A4L_A,enzyme,JC69,0.9990472157511673,Pearson
1A50_B,enzyme,JC69,0.9991926620251279,Pearson
1A8H_A,enzyme,JC69,0.9987543043034408,Pearson
1A8S_A,enzyme,JC69,0.9983159525277499,Pearson
1AF7_A,enzyme,JC69,0.9979809186720957,Pearson
1AJ8_A,enzyme,JC69,0.998879056028309,Pearson
1B73_A,enzyme,JC69,0.9996043327186347,Pearson
1B8F_A,enzyme,JC69,0.9985210093025694,Pearson
1B93_A,enzyme,JC69,0.9979961227111952,Pearson
1BF2_A,enzyme,JC69,0.9993885439335134,Pearson
1BJO_A,enzyme,JC69,0.9987963169339761,Pearson
1BQC_A,enzyme,JC69,0.9970012612036578,Pearson
1BZC_A,enzyme,JC69,0.9980639107177117,Pearson
1C0K_A,enzyme,JC69,0.9981976361796168,Pearson
1C2T_A,enzyme,JC69,0.9993377100090262,Pearson
1C82_A,enzyme,JC69,0.9985433990084914,Pearson
1CBG_A,enzyme,JC69,0.999241627018256,Pearson
1CEL_A,enzyme,JC69,0.9997477616896485,Pearson
1CF2_O,enzyme,JC69,0.9987265736275346,Pearson
1CTN_A,enzyme,JC69,0.9990782204200216,Pearson
1CTT_A,enzyme,JC69,0.9995934152758099,Pearson
1CZ1_A,enzyme,JC69,0.9969842486266318,Pearson
1DBT_A,enzyme,JC69,0.9995213561504617,Pearson
1DEK_A,enzyme,JC69,0.9987108170000331,Pearson
1DJ0_A,enzyme,JC69,0.999166154272287,Pearson
1DPG_A,enzyme,JC69,0.9991100713330546,Pearson
1E2A_A,enzyme,JC69,0.9998325064664191,Pearson
1E3V_A,enzyme,JC69,0.9995632544538571,Pearson
1E6E_A,enzyme,JC69,0.9988325414667747,Pearson
1E7Q_A,enzyme,JC69,0.9997216194227411,Pearson
1EG7_A,enzyme,JC69,0.9998278347326531,Pearson
1EUU_A,enzyme,JC69,0.999436536940344,Pearson
1EXP_A,enzyme,JC69,0.9997541873596869,Pearson
1FF3_A,enzyme,JC69,0.9999812736083344,Pearson
1FPS_A,enzyme,JC69,0.9997348935262405,Pearson
1FR8_A,enzyme,JC69,0.9979971964244619,Pearson
1G6T_A,enzyme,JC69,0.9995703653183208,Pearson
1G72_A,enzyme,JC69,0.9989892773690212,Pearson
1G79_A,enzyme,JC69,0.9995240279380655,Pearson
1G8F_A,enzyme,JC69,0.9994711789590351,Pearson
1GA8_A,enzyme,JC69,0.9963196907821099,Pearson
1GCB_A,enzyme,JC69,0.9994223374558013,Pearson
1GDH_A,enzyme,JC69,0.9966288161167257,Pearson
1GP1_A,enzyme,JC69,0.9986171758576663,Pearson
1GPJ_A,enzyme,JC69,0.9987367493857249,Pearson
1GTP_A,enzyme,JC69,0.9996178847106967,Pearson
1H3I_A,enzyme,JC69,0.9939029478758135,Pearson
1HR6_B,enzyme,JC69,0.999338900033928,Pearson
1HV9_A,enzyme,JC69,0.999458938772118,Pearson
1IVH_A,enzyme,JC69,0.9992393716463764,Pearson
1J79_A,enzyme,JC69,0.9994063663099106,Pearson
1JOF_A,enzyme,JC69,0.9991597635639572,Pearson
1K30_A,enzyme,JC69,0.9979642210073375,Pearson
1L1D_A,enzyme,JC69,0.9982415525460708,Pearson
1L7N_A,enzyme,JC69,0.998119679371086,Pearson
1LJL_A,enzyme,JC69,0.9996390425761867,Pearson
1MBB_A,enzyme,JC69,0.9970856266900546,Pearson
1MHY_D,enzyme,JC69,0.9985432314851344,Pearson
1MQW_A,enzyme,JC69,0.9997932701956068,Pearson
1NBA_A,enzyme,JC69,0.9986191540163187,Pearson
1NIR_A,enzyme,JC69,0.9994563449615315,Pearson
1NU3_A,enzyme,JC69,0.9994158610576789,Pearson
1OAC_A,enzyme,JC69,0.9987047464302307,Pearson
1OH9_A,enzyme,JC69,0.9992730787004028,Pearson
1OPM_A,enzyme,JC69,0.9971547174787718,Pearson
1OS7_A,enzyme,JC69,0.9959651357270579,Pearson
1PMA_B,enzyme,JC69,0.996670131999936,Pearson
1POW_A,enzyme,JC69,0.9976392779265728,Pearson
1QAZ_A,enzyme,JC69,0.9994509836175423,Pearson
1QFM_A,enzyme,JC69,0.99748443077524,Pearson
1QI9_A,enzyme,JC69,0.9990869601590935,Pearson
1QJE_A,enzyme,JC69,0.9999330401939502,Pearson
1QRG_A,enzyme,JC69,0.9984497770568973,Pearson
1REQ_A,enzyme,JC69,0.9984429106349662,Pearson
1S3I_A,enzyme,JC69,0.9997531169868735,Pearson
1S95_A,enzyme,JC69,0.9984003950318328,Pearson
1SML_A,enzyme,JC69,0.9979607239365335,Pearson
1SMN_A,enzyme,JC69,0.9991373797515182,Pearson
1STC_E,enzyme,JC69,0.9986086071436447,Pearson
1TAH_B,enzyme,JC69,0.9997055265875009,Pearson
1TLP_E,enzyme,JC69,0.9993900238060585,Pearson
1TRK_B,enzyme,JC69,0.9993085450884722,Pearson
1TYF_A,enzyme,JC69,0.9986604571156138,Pearson
1UAQ_A,enzyme,JC69,0.998831486328022,Pearson
1UQT_A,enzyme,JC69,0.9992793236564534,Pearson
1W0H_A,enzyme,JC69,0.9982691688611953,Pearson
1WGI_A,enzyme,JC69,0.9997535057084334,Pearson
1YCF_A,enzyme,JC69,0.9999616221604358,Pearson
1YON_A,enzyme,JC69,0.9968179644559253,Pearson
1YVE_I,enzyme,JC69,0.9976506555422561,Pearson
1ZE1_A,enzyme,JC69,0.9989266520667252,Pearson
206L_A,enzyme,JC69,0.9992948182030378,Pearson
2DOR_A,enzyme,JC69,0.9992928948152717,Pearson
2JCW_A,enzyme,JC69,0.9993076552560112,Pearson
3CSM_A,enzyme,JC69,0.9989227425005518,Pearson
3ECA_A,enzyme,JC69,0.9973272435662607,Pearson
3PVA_A,enzyme,JC69,0.9983400567531949,Pearson
7ATJ_A,enzyme,JC69,0.9997639372869864,Pearson
ATP6,mito,JC69,0.9979026072597066,Pearson
ATP8,mito,JC69,0.9999365514893214,Pearson
atpA,chloro,JC69,0.9998919323935752,Pearson
atpB,chloro,JC69,0.9999410092768183,Pearson
atpE,chloro,JC69,0.9993358476246477,Pearson
atpF,chloro,JC69,0.9969119472294942,Pearson
atpH,chloro,JC69,0.9998933343810771,Pearson
atpI,chloro,JC69,0.9998185711430287,Pearson
ccsA,chloro,JC69,0.9988700240179933,Pearson
COX1,mito,JC69,0.9988753321524425,Pearson
COX2,mito,JC69,0.9990231726027627,Pearson
COX3,mito,JC69,0.9989015315178116,Pearson
CYTB,mito,JC69,0.9975810177777087,Pearson
matK,chloro,JC69,0.9991668202456169,Pearson
ND1,mito,JC69,0.9991286202127655,Pearson
ND2,mito,JC69,0.9957069911904215,Pearson
ND3,mito,JC69,0.9974593802881071,Pearson
ND4,mito,JC69,0.9966739092325254,Pearson
ND4L,mito,JC69,0.9974801813133227,Pearson
ND5,mito,JC69,0.9970313949861613,Pearson
ND6,mito,JC69,0.9982840151096671,Pearson
ndhA,chloro,JC69,0.999763306501573,Pearson
ndhB,chloro,JC69,0.9995602055828124,Pearson
ndhC,chloro,JC69,0.9997022557413882,Pearson
ndhD,chloro,JC69,0.9997139117788598,Pearson
ndhE,chloro,JC69,0.9995383660664952,Pearson
ndhF,chloro,JC69,0.9990938060528737,Pearson
ndhG,chloro,JC69,0.9989158025443601,Pearson
ndhH,chloro,JC69,0.9967856588325206,Pearson
ndhI,chloro,JC69,0.9986471219260314,Pearson
ndhJ,chloro,JC69,0.9995343976193479,Pearson
ndhK,chloro,JC69,0.9992221628038882,Pearson
petA,chloro,JC69,0.9996871402266695,Pearson
petB,chloro,JC69,0.9996515105456292,Pearson
petD,chloro,JC69,0.9974706189062919,Pearson
petG,chloro,JC69,0.9998691097329448,Pearson
petN,chloro,JC69,0.9998681670483035,Pearson
psaA,chloro,JC69,0.9999053063415803,Pearson
psaB,chloro,JC69,0.9977294899788842,Pearson
psaJ,chloro,JC69,0.9990487382178255,Pearson
psbA,chloro,JC69,0.9998768225465692,Pearson
psbB,chloro,JC69,0.9999283172108288,Pearson
psbC,chloro,JC69,0.999943537544151,Pearson
psbD,chloro,JC69,0.9999715232647455,Pearson
psbE,chloro,JC69,0.9997833382867681,Pearson
psbF,chloro,JC69,0.9999458332953699,Pearson
psbJ,chloro,JC69,0.9996584037731678,Pearson
psbK,chloro,JC69,0.9971973507644272,Pearson
psbL,chloro,JC69,0.9887522077785091,Pearson
psbN,chloro,JC69,0.9999289465387554,Pearson
psbT,chloro,JC69,0.9998627861983117,Pearson
rbcL,chloro,JC69,0.9998139765738275,Pearson
rpl14,chloro,JC69,0.999655646977029,Pearson
rpl16,chloro,JC69,0.9986589107070734,Pearson
rpl20,chloro,JC69,0.999469707228989,Pearson
rpl22,chloro,JC69,0.9993966620311255,Pearson
rpl36,chloro,JC69,0.9837511275367464,Pearson
rpoB,chloro,JC69,0.9996440705150124,Pearson
rpoC1,chloro,JC69,0.9995785199095658,Pearson
rpoC2,chloro,JC69,0.9993631498332268,Pearson
rps11,chloro,JC69,0.9986283300301176,Pearson
rps12,chloro,JC69,0.9965013535739803,Pearson
rps14,chloro,JC69,0.9998767438509872,Pearson
rps15,chloro,JC69,0.9986406393171964,Pearson
rps2,chloro,JC69,0.9985210795625655,Pearson
rps3,chloro,JC69,0.9993432749207358,Pearson
rps4,chloro,JC69,0.9998177510848668,Pearson
rps7,chloro,JC69,0.9996994201455655,Pearson
rps8,chloro,JC69,0.9989385244397355,Pearson
ycf1,chloro,JC69,0.9993510324210129,Pearson
ycf2,chloro,JC69,0.9994458984469057,Pearson
ycf3,chloro,JC69,0.999359715051055,Pearson
ycf4,chloro,JC69,0.9996845395854984,Pearson
13PK_A,enzyme,LG,0.998745667994446,Spearman
1A16_A,enzyme,LG,0.9999327896743385,Spearman
1A4L_A,enzyme,LG,0.9989713528769141,Spearman
1A50_B,enzyme,LG,0.9996117649015833,Spearman
1A8H_A,enzyme,LG,0.9996883677714208,Spearman
1A8S_A,enzyme,LG,0.9986881375615607,Spearman
1AF7_A,enzyme,LG,0.9983320035534214,Spearman
1AJ8_A,enzyme,LG,0.9997475323142024,Spearman
1B73_A,enzyme,LG,0.9997059462612181,Spearman
1B8F_A,enzyme,LG,0.9996677253756324,Spearman
1B93_A,enzyme,LG,0.9993584770108475,Spearman
1BF2_A,enzyme,LG,0.9981925561242592,Spearman
1BJO_A,enzyme,LG,0.9993723442225783,Spearman
1BQC_A,enzyme,LG,0.9996742819302192,Spearman
1BZC_A,enzyme,LG,0.9937179682521857,Spearman
1C0K_A,enzyme,LG,0.9994400735422635,Spearman
1C2T_A,enzyme,LG,0.9988123292337475,Spearman
1C82_A,enzyme,LG,0.9984954555224815,Spearman
1CBG_A,enzyme,LG,0.998146397028231,Spearman
1CEL_A,enzyme,LG,0.9994295045638142,Spearman
1CF2_O,enzyme,LG,0.9996901454477246,Spearman
1CTN_A,enzyme,LG,0.9960344053791259,Spearman
1CTT_A,enzyme,LG,0.9986910138125811,Spearman
1CZ1_A,enzyme,LG,0.9993201252465993,Spearman
1DBT_A,enzyme,LG,0.9995297121264621,Spearman
1DEK_A,enzyme,LG,0.9970705093566652,Spearman
1DJ0_A,enzyme,LG,0.9993327107397472,Spearman
1DPG_A,enzyme,LG,0.9995649515853534,Spearman
1E2A_A,enzyme,LG,0.9997022515114594,Spearman
1E3V_A,enzyme,LG,0.9974353247825312,Spearman
1E6E_A,enzyme,LG,0.9993389567016965,Spearman
1E7Q_A,enzyme,LG,0.9996736558464967,Spearman
1EG7_A,enzyme,LG,0.9999744897385261,Spearman
1EUU_A,enzyme,LG,0.9910395069363297,Spearman
1EXP_A,enzyme,LG,0.9998789690791734,Spearman
1FF3_A,enzyme,LG,0.9996857977649283,Spearman
1FPS_A,enzyme,LG,0.9998147560896448,Spearman
1FR8_A,enzyme,LG,0.9944916529058616,Spearman
1G6T_A,enzyme,LG,0.9985729923356268,Spearman
1G72_A,enzyme,LG,0.9988719951363807,Spearman
1G79_A,enzyme,LG,0.9996988657213697,Spearman
1G8F_A,enzyme,LG,0.9987298410452258,Spearman
1GA8_A,enzyme,LG,0.9983311064857722,Spearman
1GCB_A,enzyme,LG,0.9984327425415143,Spearman
1GDH_A,enzyme,LG,0.9998909129746357,Spearman
1GP1_A,enzyme,LG,0.9987561450483043,Spearman
1GPJ_A,enzyme,LG,0.9993204340692459,Spearman
1GTP_A,enzyme,LG,0.9981333375743787,Spearman
1H3I_A,enzyme,LG,0.9903890845472008,Spearman
1HR6_B,enzyme,LG,0.9991299032176911,Spearman
1HV9_A,enzyme,LG,0.998215557736032,Spearman
1IVH_A,enzyme,LG,0.9990781740937672,Spearman
1J79_A,enzyme,LG,0.9998337114498772,Spearman
1JOF_A,enzyme,LG,0.9996659635910526,Spearman
1K30_A,enzyme,LG,0.9962829218761873,Spearman
1L1D_A,enzyme,LG,0.9998745772138155,Spearman
1L7N_A,enzyme,LG,0.9991634490285444,Spearman
1LJL_A,enzyme,LG,0.9999063185170421,Spearman
1MBB_A,enzyme,LG,0.9998534903987804,Spearman
1MHY_D,enzyme,LG,0.9994299178339359,Spearman
1MQW_A,enzyme,LG,0.9996812726214928,Spearman
1NBA_A,enzyme,LG,0.999512222083385,Spearman
1NIR_A,enzyme,LG,0.9996785008814929,Spearman
1NU3_A,enzyme,LG,0.9989578134068685,Spearman
1OAC_A,enzyme,LG,0.9987116916535663,Spearman
1OH9_A,enzyme,LG,0.9995194368519053,Spearman
1OPM_A,enzyme,LG,0.9940907201577088,Spearman
1OS7_A,enzyme,LG,0.9991182363042586,Spearman
1PMA_B,enzyme,LG,0.9987946417662412,Spearman
1POW_A,enzyme,LG,0.9996742408143364,Spearman
1QAZ_A,enzyme,LG,0.9975229513596188,Spearman
1QFM_A,enzyme,LG,0.9996752385870364,Spearman
1QI9_A,enzyme,LG,0.9989906121419988,Spearman
1QJE_A,enzyme,LG,0.9940017233590008,Spearman
1QRG_A,enzyme,LG,0.9962772608611485,Spearman
1REQ_A,enzyme,LG,0.9993519636780321,Spearman
1S3I_A,enzyme,LG,0.9989931367693498,Spearman
1S95_A,enzyme,LG,0.998659093946322,Spearman
1SML_A,enzyme,LG,0.9992760448518803,Spearman
1SMN_A,enzyme,LG,0.9986068685439885,Spearman
1STC_E,enzyme,LG,0.9988235113736486,Spearman
1TAH_B,enzyme,LG,0.9985450926591866,Spearman
1TLP_E,enzyme,LG,0.9988135999793588,Spearman
1TRK_B,enzyme,LG,0.9997071662849768,Spearman
1TYF_A,enzyme,LG,0.9998291880491048,Spearman
1UAQ_A,enzyme,LG,0.9998084073661551,Spearman
1UQT_A,enzyme,LG,0.9987440954158318,Spearman
1W0H_A,enzyme,LG,0.9951096563506773,Spearman
1WGI_A,enzyme,LG,0.9996215374169916,Spearman
1YCF_A,enzyme,LG,0.9994305459747386,Spearman
1YON_A,enzyme,LG,0.9987289216835246,Spearman
1YVE_I,enzyme,LG,0.9971944313290767,Spearman
1ZE1_A,enzyme,LG,0.9992203101246733,Spearman
206L_A,enzyme,LG,0.9950769274424658,Spearman
2DOR_A,enzyme,LG,0.9950486333474762,Spearman
2JCW_A,enzyme,LG,0.9996914613270531,Spearman
3CSM_A,enzyme,LG,0.9978083221472495,Spearman
3ECA_A,enzyme,LG,0.9995964479373883,Spearman
3PVA_A,enzyme,LG,0.9996753644595723,Spearman
7ATJ_A,enzyme,LG,0.9997489513410457,Spearman
ATP6,mito,LG,0.991940908778688,Spearman
ATP8,mito,LG,0.9998762739912465,Spearman
atpA,chloro,LG,0.9999947582984239,Spearman
atpB,chloro,LG,0.9999940536985006,Spearman
atpE,chloro,LG,0.9999761086220786,Spearman
atpF,chloro,LG,0.999891786141712,Spearman
atpH,chloro,LG,0.9999623839191197,Spearman
atpI,chloro,LG,0.9999833156679233,Spearman
ccsA,chloro,LG,0.9997310942934095,Spearman
COX1,mito,LG,0.9992676055192502,Spearman
COX2,mito,LG,0.9983010222508922,Spearman
COX3,mito,LG,0.9975906311469201,Spearman
CYTB,mito,LG,0.9983618106517819,Spearman
matK,chloro,LG,0.9995975757946143,Spearman
ND1,mito,LG,0.9974524868333697,Spearman
ND2,mito,LG,0.9975031434204782,Spearman
ND3,mito,LG,0.9915378503460378,Spearman
ND4,mito,LG,0.98920000356484294,Spearman
ND4L,mito,LG,0.9985779579852005,Spearman
ND5,mito,LG,0.9912618036632576,Spearman
ND6,mito,LG,0.9902012276327393,Spearman
ndhA,chloro,LG,0.9999824025650101,Spearman
ndhB,chloro,LG,0.9996869014229522,Spearman
ndhC,chloro,LG,0.9999777516235754,Spearman
ndhD,chloro,LG,0.9999840223475462,Spearman
ndhE,chloro,LG,0.9999379823454093,Spearman
ndhF,chloro,LG,0.9997682543444785,Spearman
ndhG,chloro,LG,0.9997467328538142,Spearman
ndhH,chloro,LG,0.9878714223231055,Spearman
ndhI,chloro,LG,0.999894661221328,Spearman
ndhJ,chloro,LG,0.9997757007668792,Spearman
ndhK,chloro,LG,0.9994677879862827,Spearman
petA,chloro,LG,0.9999417143886257,Spearman
petB,chloro,LG,0.9999251138869333,Spearman
petD,chloro,LG,0.9997752416152637,Spearman
petG,chloro,LG,1,Spearman
petN,chloro,LG,0.9999380555640996,Spearman
psaA,chloro,LG,0.9999981672581585,Spearman
psaB,chloro,LG,0.9968581736028503,Spearman
psaJ,chloro,LG,0.9996242092736802,Spearman
psbA,chloro,LG,0.9999990987208485,Spearman
psbB,chloro,LG,0.9999988931621088,Spearman
psbC,chloro,LG,0.9999925306167745,Spearman
psbD,chloro,LG,0.9999683916158787,Spearman
psbE,chloro,LG,1,Spearman
psbF,chloro,LG,1,Spearman
psbJ,chloro,LG,0.9998185941043084,Spearman
psbK,chloro,LG,0.999551976344351,Spearman
psbL,chloro,LG,0.9994426435270901,Spearman
psbN,chloro,LG,0.9998641765704583,Spearman
psbT,chloro,LG,0.9998347653668209,Spearman
rbcL,chloro,LG,0.9999915383969916,Spearman
rpl14,chloro,LG,0.9999957814807001,Spearman
rpl16,chloro,LG,0.9977595470099406,Spearman
rpl20,chloro,LG,0.9995573021253689,Spearman
rpl22,chloro,LG,0.9986508881718569,Spearman
rpl36,chloro,LG,0.9892720790079828,Spearman
rpoB,chloro,LG,0.9999562784302872,Spearman
rpoC1,chloro,LG,0.9998082175260132,Spearman
rpoC2,chloro,LG,0.9992793371797811,Spearman
rps11,chloro,LG,0.9998307074263142,Spearman
rps12,chloro,LG,0.9992834115152089,Spearman
rps14,chloro,LG,0.9999587267192901,Spearman
rps15,chloro,LG,0.999598043464053,Spearman
rps2,chloro,LG,0.9999564600687665,Spearman
rps3,chloro,LG,0.9999546689813517,Spearman
rps4,chloro,LG,0.9999592951119463,Spearman
rps7,chloro,LG,0.9999827998881485,Spearman
rps8,chloro,LG,0.9984301486825442,Spearman
ycf1,chloro,LG,0.9994111711500664,Spearman
ycf2,chloro,LG,0.9998864368140096,Spearman
ycf3,chloro,LG,0.9998419357795342,Spearman
ycf4,chloro,LG,0.9996326495315428,Spearman
13PK_A,enzyme,WAG,0.9989589995508953,Spearman
1A16_A,enzyme,WAG,0.9999423440041012,Spearman
1A4L_A,enzyme,WAG,0.9987758043270295,Spearman
1A50_B,enzyme,WAG,0.9998161132436251,Spearman
1A8H_A,enzyme,WAG,0.9997340913514149,Spearman
1A8S_A,enzyme,WAG,0.998668423622662,Spearman
1AF7_A,enzyme,WAG,0.9983372164140517,Spearman
1AJ8_A,enzyme,WAG,0.9998679767417943,Spearman
1B73_A,enzyme,WAG,0.9998239265712611,Spearman
1B8F_A,enzyme,WAG,0.999899031178272,Spearman
1B93_A,enzyme,WAG,0.9993665895454825,Spearman
1BF2_A,enzyme,WAG,0.9991455412867652,Spearman
1BJO_A,enzyme,WAG,0.9990579969281902,Spearman
1BQC_A,enzyme,WAG,0.9997471056438673,Spearman
1BZC_A,enzyme,WAG,0.9956575168545644,Spearman
1C0K_A,enzyme,WAG,0.9995494512777553,Spearman
1C2T_A,enzyme,WAG,0.99890336530756485,Spearman
1C82_A,enzyme,WAG,0.9973274736403779,Spearman
1CBG_A,enzyme,WAG,0.9990806921630199,Spearman
1CEL_A,enzyme,WAG,0.9994507985621752,Spearman
1CF2_O,enzyme,WAG,0.9997840659402643,Spearman
1CTN_A,enzyme,WAG,0.9964240502276334,Spearman
1CTT_A,enzyme,WAG,0.9990559241112594,Spearman
1CZ1_A,enzyme,WAG,0.9988928607489433,Spearman
1DBT_A,enzyme,WAG,0.999886061786118,Spearman
1DEK_A,enzyme,WAG,0.9979761919987974,Spearman
1DJ0_A,enzyme,WAG,0.9995389516852801,Spearman
1DPG_A,enzyme,WAG,0.9998043350610705,Spearman
1E2A_A,enzyme,WAG,0.9994868078967031,Spearman
1E3V_A,enzyme,WAG,0.9997557452173839,Spearman
1E6E_A,enzyme,WAG,0.9994019009608519,Spearman
1E7Q_A,enzyme,WAG,0.9998266951581449,Spearman
1EG7_A,enzyme,WAG,0.9999912982937357,Spearman
1EUU_A,enzyme,WAG,0.989363935443063,Spearman
1EXP_A,enzyme,WAG,0.9998620323819513,Spearman
1FF3_A,enzyme,WAG,0.9997141706619944,Spearman
1FPS_A,enzyme,WAG,0.9996168994593144,Spearman
1FR8_A,enzyme,WAG,0.9941628824136007,Spearman
1G6T_A,enzyme,WAG,0.9987499468468654,Spearman
1G72_A,enzyme,WAG,0.9995225583129334,Spearman
1G79_A,enzyme,WAG,0.999759871372661,Spearman
1G8F_A,enzyme,WAG,0.9995889703379497,Spearman
1GA8_A,enzyme,WAG,0.9990427170332027,Spearman
1GCB_A,enzyme,WAG,0.9983571932338564,Spearman
1GDH_A,enzyme,WAG,0.999934033755874,Spearman
1GP1_A,enzyme,WAG,0.9990763687390524,Spearman
1GPJ_A,enzyme,WAG,0.9956475850462144,Spearman
1GTP_A,enzyme,WAG,0.9992713126623779,Spearman
1H3I_A,enzyme,WAG,0.9891289140327139,Spearman
1HR6_B,enzyme,WAG,0.9997267422151243,Spearman
1HV9_A,enzyme,WAG,0.9979982032725192,Spearman
1IVH_A,enzyme,WAG,0.9998036424972598,Spearman
1J79_A,enzyme,WAG,0.9998554200946511,Spearman
1JOF_A,enzyme,WAG,0.9996429635884241,Spearman
1K30_A,enzyme,WAG,0.9960433237697858,Spearman
1L1D_A,enzyme,WAG,0.9999059331432194,Spearman
1L7N_A,enzyme,WAG,0.9988683095880612,Spearman
1LJL_A,enzyme,WAG,0.9999262508209578,Spearman
1MBB_A,enzyme,WAG,0.9998680130386555,Spearman
1MHY_D,enzyme,WAG,0.999589088584782,Spearman
1MQW_A,enzyme,WAG,0.9950265237050167,Spearman
1NBA_A,enzyme,WAG,0.997431405427778,Spearman
1NIR_A,enzyme,WAG,0.9997532408544081,Spearman
1NU3_A,enzyme,WAG,0.9994163092958234,Spearman
1OAC_A,enzyme,WAG,0.9993346929261603,Spearman
1OH9_A,enzyme,WAG,0.997367253692614,Spearman
1OPM_A,enzyme,WAG,0.9962909210877374,Spearman
1OS7_A,enzyme,WAG,0.9989988225345775,Spearman
1PMA_B,enzyme,WAG,0.9992368892009248,Spearman
1POW_A,enzyme,WAG,0.9997017303032365,Spearman
1QAZ_A,enzyme,WAG,0.9977200153077196,Spearman
1QFM_A,enzyme,WAG,0.9998162816318135,Spearman
1QI9_A,enzyme,WAG,0.9992066361892599,Spearman
1QJE_A,enzyme,WAG,0.994556603955678,Spearman
1QRG_A,enzyme,WAG,0.9993191808731883,Spearman
1REQ_A,enzyme,WAG,0.9997876524244449,Spearman
1S3I_A,enzyme,WAG,0.9999063530809645,Spearman
1S95_A,enzyme,WAG,0.9981463074285287,Spearman
1SML_A,enzyme,WAG,0.999199400458435,Spearman
1SMN_A,enzyme,WAG,0.998516174019339,Spearman
1STC_E,enzyme,WAG,0.999064671296578,Spearman
1TAH_B,enzyme,WAG,0.9984577949678157,Spearman
1TLP_E,enzyme,WAG,0.9989978759013038,Spearman
1TRK_B,enzyme,WAG,0.9997303402887382,Spearman
1TYF_A,enzyme,WAG,0.99990939539996,Spearman
1UAQ_A,enzyme,WAG,0.9975953394178317,Spearman
1UQT_A,enzyme,WAG,0.9985118407134453,Spearman
1W0H_A,enzyme,WAG,0.9960039166027356,Spearman
1WGI_A,enzyme,WAG,0.9997991942096698,Spearman
1YCF_A,enzyme,WAG,0.9996983128789609,Spearman
1YON_A,enzyme,WAG,0.998789330130861,Spearman
1YVE_I,enzyme,WAG,0.996883530836755,Spearman
1ZE1_A,enzyme,WAG,0.9974151893893856,Spearman
206L_A,enzyme,WAG,0.9965921777993035,Spearman
2DOR_A,enzyme,WAG,0.9958837485109255,Spearman
2JCW_A,enzyme,WAG,0.9998491154898171,Spearman
3CSM_A,enzyme,WAG,0.9963196676066451,Spearman
3ECA_A,enzyme,WAG,0.9996211850990742,Spearman
3PVA_A,enzyme,WAG,0.9997001721205687,Spearman
7ATJ_A,enzyme,WAG,0.9998259905073996,Spearman
ATP6,mito,WAG,0.9907410025750049,Spearman
ATP8,mito,WAG,0.9998144109868696,Spearman
atpA,chloro,WAG,0.9999951839061407,Spearman
atpB,chloro,WAG,0.9999950338575513,Spearman
atpE,chloro,WAG,0.9999538649627459,Spearman
atpF,chloro,WAG,0.9999200390919994,Spearman
atpH,chloro,WAG,1,Spearman
atpI,chloro,WAG,0.9999940550149108,Spearman
ccsA,chloro,WAG,0.9997676365083237,Spearman
COX1,mito,WAG,0.9988821052891799,Spearman
COX2,mito,WAG,0.9900557289225311,Spearman
COX3,mito,WAG,0.9978039780896365,Spearman
CYTB,mito,WAG,0.9988507317694689,Spearman
matK,chloro,WAG,0.9992053985767085,Spearman
ND1,mito,WAG,0.9985378862248336,Spearman
ND2,mito,WAG,0.9946782475584176,Spearman
ND3,mito,WAG,0.9934210126009255,Spearman
ND4,mito,WAG,0.9913216234072213,Spearman
ND4L,mito,WAG,0.9972481549464415,Spearman
ND5,mito,WAG,0.9917215614717703,Spearman
ND6,mito,WAG,0.9923829318751465,Spearman
ndhA,chloro,WAG,0.9999809912385575,Spearman
ndhB,chloro,WAG,0.9999785368109749,Spearman
ndhC,chloro,WAG,0.9999911006494302,Spearman
ndhD,chloro,WAG,0.9999928292463218,Spearman
ndhE,chloro,WAG,0.9999975192967703,Spearman
ndhF,chloro,WAG,0.9998571033051151,Spearman
ndhG,chloro,WAG,0.999742703455825,Spearman
ndhH,chloro,WAG,0.9902249218870076,Spearman
ndhI,chloro,WAG,0.999911018174752,Spearman
ndhJ,chloro,WAG,0.9995401870877805,Spearman
ndhK,chloro,WAG,0.9995818410844353,Spearman
petA,chloro,WAG,0.9999744819287831,Spearman
petB,chloro,WAG,0.9999233989232367,Spearman
petD,chloro,WAG,0.999735578565117,Spearman
petG,chloro,WAG,1,Spearman
petN,chloro,WAG,0.9999380555640996,Spearman
psaA,chloro,WAG,0.9999984088464465,Spearman
psaB,chloro,WAG,0.9976393518188258,Spearman
psaJ,chloro,WAG,0.9984968370947203,Spearman
psbA,chloro,WAG,0.9999978111767716,Spearman
psbB,chloro,WAG,0.9999980235037065,Spearman
psbC,chloro,WAG,0.9999976956158264,Spearman
psbD,chloro,WAG,0.9999925712972,Spearman
psbE,chloro,WAG,1,Spearman
psbF,chloro,WAG,1,Spearman
psbJ,chloro,WAG,1,Spearman
psbK,chloro,WAG,0.999798389354958,Spearman
psbL,chloro,WAG,0.9994540242959189,Spearman
psbN,chloro,WAG,1,Spearman
psbT,chloro,WAG,1,Spearman
rbcL,chloro,WAG,0.9999959935585441,Spearman
rpl14,chloro,WAG,0.9999915629614003,Spearman
rpl16,chloro,WAG,0.9969074706828065,Spearman
rpl20,chloro,WAG,0.9994424354419893,Spearman
rpl22,chloro,WAG,0.9986141663727802,Spearman
rpl36,chloro,WAG,0.9296330206894254,Spearman
rpoB,chloro,WAG,0.9999793964458739,Spearman
rpoC1,chloro,WAG,0.9998546005937227,Spearman
rpoC2,chloro,WAG,0.9995305769808857,Spearman
rps11,chloro,WAG,0.9998516774265434,Spearman
rps12,chloro,WAG,0.999378993700611,Spearman
rps14,chloro,WAG,0.9999931211198816,Spearman
rps15,chloro,WAG,0.9997285491159055,Spearman
rps2,chloro,WAG,0.9999653085258962,Spearman
rps3,chloro,WAG,0.9998981780186434,Spearman
rps4,chloro,WAG,0.9999585412864715,Spearman
rps7,chloro,WAG,0.9999755229329156,Spearman
rps8,chloro,WAG,0.9990386166764734,Spearman
ycf1,chloro,WAG,0.9991463655622669,Spearman
ycf2,chloro,WAG,0.9998990583348036,Spearman
ycf3,chloro,WAG,0.9999451448522114,Spearman
ycf4,chloro,WAG,0.999748997193317,Spearman
13PK_A,enzyme,JTT,0.9979991999700147,Spearman
1A16_A,enzyme,JTT,0.9998911492459348,Spearman
1A4L_A,enzyme,JTT,0.9988888356510754,Spearman
1A50_B,enzyme,JTT,0.999741769654714,Spearman
1A8H_A,enzyme,JTT,0.9995884585500264,Spearman
1A8S_A,enzyme,JTT,0.9981037134849271,Spearman
1AF7_A,enzyme,JTT,0.9980098135829569,Spearman
1AJ8_A,enzyme,JTT,0.999779189292076,Spearman
1B73_A,enzyme,JTT,0.9997059870029052,Spearman
1B8F_A,enzyme,JTT,0.999875326537784,Spearman
1B93_A,enzyme,JTT,0.9992303024599818,Spearman
1BF2_A,enzyme,JTT,0.9982414696033465,Spearman
1BJO_A,enzyme,JTT,0.9963228601312585,Spearman
1BQC_A,enzyme,JTT,0.9996029959430062,Spearman
1BZC_A,enzyme,JTT,0.994534167362559,Spearman
1C0K_A,enzyme,JTT,0.999498034839556,Spearman
1C2T_A,enzyme,JTT,0.9989774551454342,Spearman
1C82_A,enzyme,JTT,0.996592326441782,Spearman
1CBG_A,enzyme,JTT,0.9990719206940393,Spearman
1CEL_A,enzyme,JTT,0.9994635789274315,Spearman
1CF2_O,enzyme,JTT,0.9997483201978272,Spearman
1CTN_A,enzyme,JTT,0.9963583418811109,Spearman
1CTT_A,enzyme,JTT,0.9986765628835863,Spearman
1CZ1_A,enzyme,JTT,0.9995281598815572,Spearman
1DBT_A,enzyme,JTT,0.999873185207152,Spearman
1DEK_A,enzyme,JTT,0.9980127394633941,Spearman
1DJ0_A,enzyme,JTT,0.999361265378565,Spearman
1DPG_A,enzyme,JTT,0.9996491343153326,Spearman
1E2A_A,enzyme,JTT,0.9995545879858176,Spearman
1E3V_A,enzyme,JTT,0.9996943987330811,Spearman
1E6E_A,enzyme,JTT,0.9988197113739447,Spearman
1E7Q_A,enzyme,JTT,0.9997478841893018,Spearman
1EG7_A,enzyme,JTT,0.9999896433679256,Spearman
1EUU_A,enzyme,JTT,0.9900986360741877,Spearman
1EXP_A,enzyme,JTT,0.9998176210771162,Spearman
1FF3_A,enzyme,JTT,0.9995876494061806,Spearman
1FPS_A,enzyme,JTT,0.9998147095202451,Spearman
1FR8_A,enzyme,JTT,0.9965990217448523,Spearman
1G6T_A,enzyme,JTT,0.9993211041894671,Spearman
1G72_A,enzyme,JTT,0.9995453633221447,Spearman
1G79_A,enzyme,JTT,0.9995486695207663,Spearman
1G8F_A,enzyme,JTT,0.9997715550075871,Spearman
1GA8_A,enzyme,JTT,0.9953367251681751,Spearman
1GCB_A,enzyme,JTT,0.9991537363727053,Spearman
1GDH_A,enzyme,JTT,0.9998980997774055,Spearman
1GP1_A,enzyme,JTT,0.9978138915438834,Spearman
1GPJ_A,enzyme,JTT,0.9995667734038519,Spearman
1GTP_A,enzyme,JTT,0.9993173868796394,Spearman
1H3I_A,enzyme,JTT,0.9919233721852638,Spearman
1HR6_B,enzyme,JTT,0.9997059418266601,Spearman
1HV9_A,enzyme,JTT,0.9999137957928016,Spearman
1IVH_A,enzyme,JTT,0.9996270988966466,Spearman
1J79_A,enzyme,JTT,0.9998043792024275,Spearman
1JOF_A,enzyme,JTT,0.9988515868895941,Spearman
1K30_A,enzyme,JTT,0.9947977665523056,Spearman
1L1D_A,enzyme,JTT,0.999884479394012,Spearman
1L7N_A,enzyme,JTT,0.9993876259806056,Spearman
1LJL_A,enzyme,JTT,0.9997747660207633,Spearman
1MBB_A,enzyme,JTT,0.999679685218991,Spearman
1MHY_D,enzyme,JTT,0.9994727659553324,Spearman
1MQW_A,enzyme,JTT,0.9996419950835346,Spearman
1NBA_A,enzyme,JTT,0.9994745302366829,Spearman
1NIR_A,enzyme,JTT,0.9989342291187806,Spearman
1NU3_A,enzyme,JTT,0.9990042118517013,Spearman
1OAC_A,enzyme,JTT,0.998753842978081,Spearman
1OH9_A,enzyme,JTT,0.9993420775019342,Spearman
1OPM_A,enzyme,JTT,0.9976032245171653,Spearman
1OS7_A,enzyme,JTT,0.9991077141607424,Spearman
1PMA_B,enzyme,JTT,0.9980461929887411,Spearman
1POW_A,enzyme,JTT,0.999720108978121,Spearman
1QAZ_A,enzyme,JTT,0.9979268201000071,Spearman
1QFM_A,enzyme,JTT,0.9997844180107338,Spearman
1QI9_A,enzyme,JTT,0.9990347155173879,Spearman
1QJE_A,enzyme,JTT,0.9945860940556174,Spearman
1QRG_A,enzyme,JTT,0.9985244584103102,Spearman
1REQ_A,enzyme,JTT,0.9996704462073501,Spearman
1S3I_A,enzyme,JTT,0.9990158405579874,Spearman
1S95_A,enzyme,JTT,0.9988222812859631,Spearman
1SML_A,enzyme,JTT,0.9991678459157135,Spearman
1SMN_A,enzyme,JTT,0.9983937241400669,Spearman
1STC_E,enzyme,JTT,0.998851321323973,Spearman
1TAH_B,enzyme,JTT,0.9987060373216192,Spearman
1TLP_E,enzyme,JTT,0.9980377577089043,Spearman
1TRK_B,enzyme,JTT,0.9996506247798901,Spearman
1TYF_A,enzyme,JTT,0.9998744903491249,Spearman
1UAQ_A,enzyme,JTT,0.9996713047846599,Spearman
1UQT_A,enzyme,JTT,0.9988270503846766,Spearman
1W0H_A,enzyme,JTT,0.9960423979520294,Spearman
1WGI_A,enzyme,JTT,0.9997843130162144,Spearman
1YCF_A,enzyme,JTT,0.9994904744625785,Spearman
1YON_A,enzyme,JTT,0.9982010235598329,Spearman
1YVE_I,enzyme,JTT,0.9966993203304876,Spearman
1ZE1_A,enzyme,JTT,0.9988449600599348,Spearman
206L_A,enzyme,JTT,0.9974156695494629,Spearman
2DOR_A,enzyme,JTT,0.995974741420797,Spearman
2JCW_A,enzyme,JTT,0.9998320190892404,Spearman
3CSM_A,enzyme,JTT,0.9957694147832666,Spearman
3ECA_A,enzyme,JTT,0.999687007213774,Spearman
3PVA_A,enzyme,JTT,0.9996494384797088,Spearman
7ATJ_A,enzyme,JTT,0.9998562747398038,Spearman
ATP6,mito,JTT,0.9914935663870367,Spearman
ATP8,mito,JTT,0.9998453424890581,Spearman
atpA,chloro,JTT,0.999996572732738,Spearman
atpB,chloro,JTT,0.9999798086969485,Spearman
atpE,chloro,JTT,0.9999604555574699,Spearman
atpF,chloro,JTT,0.9998889431636147,Spearman
atpH,chloro,JTT,1,Spearman
atpI,chloro,JTT,0.9999846581000056,Spearman
ccsA,chloro,JTT,0.9997195391304877,Spearman
COX1,mito,JTT,0.9986509896174045,Spearman
COX2,mito,JTT,0.9895267551923044,Spearman
COX3,mito,JTT,0.9976995011176886,Spearman
CYTB,mito,JTT,0.9987079595134495,Spearman
matK,chloro,JTT,0.9996257339374666,Spearman
ND1,mito,JTT,0.998764450849922,Spearman
ND2,mito,JTT,0.9934782027137733,Spearman
ND3,mito,JTT,0.9960924401886169,Spearman
ND4,mito,JTT,0.9885953969973139,Spearman
ND4L,mito,JTT,0.9989695233606418,Spearman
ND5,mito,JTT,0.9920492024211811,Spearman
ND6,mito,JTT,0.9907763305648174,Spearman
ndhA,chloro,JTT,0.9999817851095443,Spearman
ndhB,chloro,JTT,0.9999773803756097,Spearman
ndhC,chloro,JTT,0.9999644025977205,Spearman
ndhD,chloro,JTT,0.9999925868555417,Spearman
ndhE,chloro,JTT,0.9999305403957214,Spearman
ndhF,chloro,JTT,0.9998510866488944,Spearman
ndhG,chloro,JTT,0.9995970749947044,Spearman
ndhH,chloro,JTT,0.9901065355759936,Spearman
ndhI,chloro,JTT,0.999946022072119,Spearman
ndhJ,chloro,JTT,0.9998805607254956,Spearman
ndhK,chloro,JTT,0.9995513228333405,Spearman
petA,chloro,JTT,0.9999721620920293,Spearman
petB,chloro,JTT,0.9999218745236976,Spearman
petD,chloro,JTT,0.9998204137095893,Spearman
petG,chloro,JTT,1,Spearman
petN,chloro,JTT,1,Spearman
psaA,chloro,JTT,0.9999969759747581,Spearman
psaB,chloro,JTT,0.997849763002322,Spearman
psaJ,chloro,JTT,0.9991649094970668,Spearman
psbA,chloro,JTT,0.9999970386445164,Spearman
psbB,chloro,JTT,0.9999984451556901,Spearman
psbC,chloro,JTT,0.9999950336553483,Spearman
psbD,chloro,JTT,0.9999010964027234,Spearman
psbE,chloro,JTT,1,Spearman
psbF,chloro,JTT,1,Spearman
psbJ,chloro,JTT,0.9996371882086167,Spearman
psbK,chloro,JTT,0.9997311858066108,Spearman
psbL,chloro,JTT,0.9989876585984365,Spearman
psbN,chloro,JTT,1,Spearman
psbT,chloro,JTT,0.9999586904884673,Spearman
rbcL,chloro,JTT,0.9999829165358034,Spearman
rpl14,chloro,JTT,0.9999831259228009,Spearman
rpl16,chloro,JTT,0.9981601154566224,Spearman
rpl20,chloro,JTT,0.9994130904310263,Spearman
rpl22,chloro,JTT,0.9986137442700459,Spearman
rpl36,chloro,JTT,0.9247664846248941,Spearman
rpoB,chloro,JTT,0.9999757415191849,Spearman
rpoC1,chloro,JTT,0.9998444998929771,Spearman
rpoC2,chloro,JTT,0.9995395950990635,Spearman
rps11,chloro,JTT,0.9996777803469655,Spearman
rps12,chloro,JTT,0.9994146628390244,Spearman
rps14,chloro,JTT,0.9999656055994084,Spearman
rps15,chloro,JTT,0.9998162486323052,Spearman
rps2,chloro,JTT,0.9999575837097121,Spearman
rps3,chloro,JTT,0.99993195407839,Spearman
rps4,chloro,JTT,0.9999506264597701,Spearman
rps7,chloro,JTT,0.9999708921554359,Spearman
rps8,chloro,JTT,0.9991402911393398,Spearman
ycf1,chloro,JTT,0.998813104169259,Spearman
ycf2,chloro,JTT,0.9998289522349285,Spearman
ycf3,chloro,JTT,0.9998508751442299,Spearman
ycf4,chloro,JTT,0.9974466125221207,Spearman
13PK_A,enzyme,mtVer,0.9979388026624125,Spearman
1A16_A,enzyme,mtVer,0.9997965543742775,Spearman
1A4L_A,enzyme,mtVer,0.9994905335555848,Spearman
1A50_B,enzyme,mtVer,0.9997005440630948,Spearman
1A8H_A,enzyme,mtVer,0.9996602485508845,Spearman
1A8S_A,enzyme,mtVer,0.9986694978071728,Spearman
1AF7_A,enzyme,mtVer,0.9980733173487454,Spearman
1AJ8_A,enzyme,mtVer,0.9997981644375288,Spearman
1B73_A,enzyme,mtVer,0.9995760223940575,Spearman
1B8F_A,enzyme,mtVer,0.999660258929311,Spearman
1B93_A,enzyme,mtVer,0.9980283801630901,Spearman
1BF2_A,enzyme,mtVer,0.9967940475584489,Spearman
1BJO_A,enzyme,mtVer,0.9988043780076971,Spearman
1BQC_A,enzyme,mtVer,0.99939121673846,Spearman
1BZC_A,enzyme,mtVer,0.99367894779321,Spearman
1C0K_A,enzyme,mtVer,0.999390989716092,Spearman
1C2T_A,enzyme,mtVer,0.9989496057737528,Spearman
1C82_A,enzyme,mtVer,0.9995409534942782,Spearman
1CBG_A,enzyme,mtVer,0.9990534416571409,Spearman
1CEL_A,enzyme,mtVer,0.9992876644827975,Spearman
1CF2_O,enzyme,mtVer,0.9997513200922047,Spearman
1CTN_A,enzyme,mtVer,0.9961015405317145,Spearman
1CTT_A,enzyme,mtVer,0.9964957826293629,Spearman
1CZ1_A,enzyme,mtVer,0.999291590772893,Spearman
1DBT_A,enzyme,mtVer,0.9988426686905006,Spearman
1DEK_A,enzyme,mtVer,0.99821533019209,Spearman
1DJ0_A,enzyme,mtVer,0.9960533030661297,Spearman
1DPG_A,enzyme,mtVer,0.9996817761564247,Spearman
1E2A_A,enzyme,mtVer,0.9992762048932446,Spearman
1E3V_A,enzyme,mtVer,0.9965261542027936,Spearman
1E6E_A,enzyme,mtVer,0.9960139864541887,Spearman
1E7Q_A,enzyme,mtVer,0.9988210228365366,Spearman
1EG7_A,enzyme,mtVer,0.9999752218727244,Spearman
1EUU_A,enzyme,mtVer,0.9942529429209553,Spearman
1EXP_A,enzyme,mtVer,0.9995664010790017,Spearman
1FF3_A,enzyme,mtVer,0.9994580788758742,Spearman
1FPS_A,enzyme,mtVer,0.9989548956892303,Spearman
1FR8_A,enzyme,mtVer,0.997959142532873,Spearman
1G6T_A,enzyme,mtVer,0.998895578782898,Spearman
1G72_A,enzyme,mtVer,0.9997477743790684,Spearman
1G79_A,enzyme,mtVer,0.9992677467572146,Spearman
1G8F_A,enzyme,mtVer,0.9997447639665472,Spearman
1GA8_A,enzyme,mtVer,0.9988360692188911,Spearman
1GCB_A,enzyme,mtVer,0.9994201663567615,Spearman
1GDH_A,enzyme,mtVer,0.9997316134893751,Spearman
1GP1_A,enzyme,mtVer,0.998941522271868,Spearman
1GPJ_A,enzyme,mtVer,0.9993704189071029,Spearman
1GTP_A,enzyme,mtVer,0.9970970229848732,Spearman
1H3I_A,enzyme,mtVer,0.999223129521158,Spearman
1HR6_B,enzyme,mtVer,0.9996803555263959,Spearman
1HV9_A,enzyme,mtVer,0.9997295611774311,Spearman
1IVH_A,enzyme,mtVer,0.9996519907950098,Spearman
1J79_A,enzyme,mtVer,0.9995986474369981,Spearman
1JOF_A,enzyme,mtVer,0.99970731008453,Spearman
1K30_A,enzyme,mtVer,0.9968607626462941,Spearman
1L1D_A,enzyme,mtVer,0.9994640657981378,Spearman
1L7N_A,enzyme,mtVer,0.9993277918089949,Spearman
1LJL_A,enzyme,mtVer,0.9981956357407877,Spearman
1MBB_A,enzyme,mtVer,0.9994987645543605,Spearman
1MHY_D,enzyme,mtVer,0.9995423928338891,Spearman
1MQW_A,enzyme,mtVer,0.9994545194182756,Spearman
1NBA_A,enzyme,mtVer,0.9994042141161346,Spearman
1NIR_A,enzyme,mtVer,0.9997668330911713,Spearman
1NU3_A,enzyme,mtVer,0.9975156087802151,Spearman
1OAC_A,enzyme,mtVer,0.9992851026789867,Spearman
1OH9_A,enzyme,mtVer,0.9978402576587788,Spearman
1OPM_A,enzyme,mtVer,0.9995288210057004,Spearman
1OS7_A,enzyme,mtVer,0.9990500847202048,Spearman
1PMA_B,enzyme,mtVer,0.9983757339742542,Spearman
1POW_A,enzyme,mtVer,0.999792610260928,Spearman
1QAZ_A,enzyme,mtVer,0.9986364862076758,Spearman
1QFM_A,enzyme,mtVer,0.9996066678967203,Spearman
1QI9_A,enzyme,mtVer,0.9993851030497034,Spearman
1QJE_A,enzyme,mtVer,0.9872841892390076,Spearman
1QRG_A,enzyme,mtVer,0.997032767385601,Spearman
1REQ_A,enzyme,mtVer,0.9995362225979794,Spearman
1S3I_A,enzyme,mtVer,0.9991139875180743,Spearman
1S95_A,enzyme,mtVer,0.9990278037156636,Spearman
1SML_A,enzyme,mtVer,0.9984678197164718,Spearman
1SMN_A,enzyme,mtVer,0.9992167465178095,Spearman
1STC_E,enzyme,mtVer,0.9990231576702443,Spearman
1TAH_B,enzyme,mtVer,0.99825938146433435,Spearman
1TLP_E,enzyme,mtVer,0.997746016859906,Spearman
1TRK_B,enzyme,mtVer,0.9992899051160659,Spearman
1TYF_A,enzyme,mtVer,0.9996925384883886,Spearman
1UAQ_A,enzyme,mtVer,0.9993394453098485,Spearman
1UQT_A,enzyme,mtVer,0.9988115399796751,Spearman
1W0H_A,enzyme,mtVer,0.9963433082533292,Spearman
1WGI_A,enzyme,mtVer,0.999616203892891,Spearman
1YCF_A,enzyme,mtVer,0.9982831646800822,Spearman
1YON_A,enzyme,mtVer,0.9992692516843716,Spearman
1YVE_I,enzyme,mtVer,0.9966197693892468,Spearman
1ZE1_A,enzyme,mtVer,0.9981160199277453,Spearman
206L_A,enzyme,mtVer,0.9993186881599722,Spearman
2DOR_A,enzyme,mtVer,0.9978407520460416,Spearman
2JCW_A,enzyme,mtVer,0.9996928382900945,Spearman
3CSM_A,enzyme,mtVer,0.9984121166835558,Spearman
3ECA_A,enzyme,mtVer,0.9994188341299124,Spearman
3PVA_A,enzyme,mtVer,0.9993377243644244,Spearman
7ATJ_A,enzyme,mtVer,0.9992438364895477,Spearman
ATP6,mito,mtVer,0.9897276046947203,Spearman
ATP8,mito,mtVer,0.9996597534759276,Spearman
atpA,chloro,mtVer,0.9999911070270662,Spearman
atpB,chloro,mtVer,0.9999867787350804,Spearman
atpE,chloro,mtVer,0.9999233828217792,Spearman
atpF,chloro,mtVer,0.9999006708008383,Spearman
atpH,chloro,mtVer,1,Spearman
atpI,chloro,mtVer,0.9999631794541354,Spearman
ccsA,chloro,mtVer,0.9998069133596851,Spearman
COX1,mito,mtVer,NA,Spearman
COX2,mito,mtVer,0.9906282966590868,Spearman
COX3,mito,mtVer,0.9972440614767958,Spearman
CYTB,mito,mtVer,NA,Spearman
matK,chloro,mtVer,0.9998188004532815,Spearman
ND1,mito,mtVer,NA,Spearman
ND2,mito,mtVer,NA,Spearman
ND3,mito,mtVer,0.9893342245480929,Spearman
ND4,mito,mtVer,NA,Spearman
ND4L,mito,mtVer,NA,Spearman
ND5,mito,mtVer,NA,Spearman
ND6,mito,mtVer,0.9864704821419191,Spearman
ndhA,chloro,mtVer,0.9999601301239849,Spearman
ndhB,chloro,mtVer,0.9999721009958832,Spearman
ndhC,chloro,mtVer,0.9998609474932796,Spearman
ndhD,chloro,mtVer,0.9999812752432042,Spearman
ndhE,chloro,mtVer,0.9999776736463166,Spearman
ndhF,chloro,mtVer,0.9998291447990996,Spearman
ndhG,chloro,mtVer,0.9996108891185301,Spearman
ndhH,chloro,mtVer,0.9844687110954258,Spearman
ndhI,chloro,mtVer,0.9999345722299682,Spearman
ndhJ,chloro,mtVer,0.9998452337027164,Spearman
ndhK,chloro,mtVer,0.9996739339880546,Spearman
petA,chloro,mtVer,0.9999787591039556,Spearman
petB,chloro,mtVer,0.9998281239519752,Spearman
petD,chloro,mtVer,0.9998226170926069,Spearman
petG,chloro,mtVer,0.9998817757281441,Spearman
petN,chloro,mtVer,0.9999380555640996,Spearman
psaA,chloro,mtVer,0.9999969676441994,Spearman
psaB,chloro,mtVer,0.995827954204237,Spearman
psaJ,chloro,mtVer,0.9992484185473602,Spearman
psbA,chloro,mtVer,0.9999975536696005,Spearman
psbB,chloro,mtVer,0.9999986559820644,Spearman
psbC,chloro,mtVer,0.9999936430736304,Spearman
psbD,chloro,mtVer,0.9999806271306436,Spearman
psbE,chloro,mtVer,0.9999702081437821,Spearman
psbF,chloro,mtVer,1,Spearman
psbJ,chloro,mtVer,0.9996371882086167,Spearman
psbK,chloro,mtVer,0.9997759881721757,Spearman
psbL,chloro,mtVer,0.9784329794457811,Spearman
psbN,chloro,mtVer,1,Spearman
psbT,chloro,mtVer,1,Spearman
rbcL,chloro,mtVer,0.9999861216885609,Spearman
rpl14,chloro,mtVer,0.9999789074035011,Spearman
rpl16,chloro,mtVer,0.998102170137336,Spearman
rpl20,chloro,mtVer,0.9994432738849337,Spearman
rpl22,chloro,mtVer,0.9983810251903161,Spearman
rpl36,chloro,mtVer,0.9816202572807969,Spearman
rpoB,chloro,mtVer,0.9999736029464162,Spearman
rpoC1,chloro,mtVer,0.9998923801420846,Spearman
rpoC2,chloro,mtVer,0.9996007936972808,Spearman
rps11,chloro,mtVer,0.9997708674304419,Spearman
rps12,chloro,mtVer,0.9986765547635451,Spearman
rps14,chloro,mtVer,0.9999724844795268,Spearman
rps15,chloro,mtVer,0.9998402614289001,Spearman
rps2,chloro,mtVer,0.9999498588816327,Spearman
rps3,chloro,mtVer,0.9998973879556027,Spearman
rps4,chloro,mtVer,0.9999004991250329,Spearman
rps7,chloro,mtVer,0.9999384765607806,Spearman
rps8,chloro,mtVer,0.9995100837175854,Spearman
ycf1,chloro,mtVer,0.9991930832532514,Spearman
ycf2,chloro,mtVer,0.9998736122636177,Spearman
ycf3,chloro,mtVer,0.99991182542906,Spearman
ycf4,chloro,mtVer,0.9997916339965925,Spearman
13PK_A,enzyme,cpREV,0.9990960370610398,Spearman
1A16_A,enzyme,cpREV,0.9999122650298861,Spearman
1A4L_A,enzyme,cpREV,0.9990306016939117,Spearman
1A50_B,enzyme,cpREV,0.9998467806427603,Spearman
1A8H_A,enzyme,cpREV,0.9997313747931027,Spearman
1A8S_A,enzyme,cpREV,0.9991767405581015,Spearman
1AF7_A,enzyme,cpREV,0.9983246238513827,Spearman
1AJ8_A,enzyme,cpREV,0.9998446685597713,Spearman
1B73_A,enzyme,cpREV,0.9997012486516343,Spearman
1B8F_A,enzyme,cpREV,0.999577242910313,Spearman
1B93_A,enzyme,cpREV,0.9994483617967829,Spearman
1BF2_A,enzyme,cpREV,0.9992446701373621,Spearman
1BJO_A,enzyme,cpREV,0.9967013341404634,Spearman
1BQC_A,enzyme,cpREV,0.9996332218634861,Spearman
1BZC_A,enzyme,cpREV,0.9960237253249516,Spearman
1C0K_A,enzyme,cpREV,0.9989187720070322,Spearman
1C2T_A,enzyme,cpREV,0.9989237267351068,Spearman
1C82_A,enzyme,cpREV,0.9984401837421804,Spearman
1CBG_A,enzyme,cpREV,0.9996527287405171,Spearman
1CEL_A,enzyme,cpREV,0.9994705161535532,Spearman
1CF2_O,enzyme,cpREV,0.9992976123726989,Spearman
1CTN_A,enzyme,cpREV,0.9940330495328973,Spearman
1CTT_A,enzyme,cpREV,0.9965959618421014,Spearman
1CZ1_A,enzyme,cpREV,0.999507807821417,Spearman
1DBT_A,enzyme,cpREV,0.9998895735803816,Spearman
1DEK_A,enzyme,cpREV,0.9984545378940589,Spearman
1DJ0_A,enzyme,cpREV,0.9995596079392084,Spearman
1DPG_A,enzyme,cpREV,0.9998570031651038,Spearman
1E2A_A,enzyme,cpREV,0.9997095139037941,Spearman
1E3V_A,enzyme,cpREV,0.9990998758936925,Spearman
1E6E_A,enzyme,cpREV,0.9986075393858206,Spearman
1E7Q_A,enzyme,cpREV,0.9996885872336091,Spearman
1EG7_A,enzyme,cpREV,0.999993631967517,Spearman
1EUU_A,enzyme,cpREV,0.9901198271225276,Spearman
1EXP_A,enzyme,cpREV,0.9998243529079581,Spearman
1FF3_A,enzyme,cpREV,0.9996981980997408,Spearman
1FPS_A,enzyme,cpREV,0.9997876497608431,Spearman
1FR8_A,enzyme,cpREV,0.9965034138314699,Spearman
1G6T_A,enzyme,cpREV,0.9994651364259265,Spearman
1G72_A,enzyme,cpREV,0.9996686995453311,Spearman
1G79_A,enzyme,cpREV,0.9997017398754545,Spearman
1G8F_A,enzyme,cpREV,0.9996706325643249,Spearman
1GA8_A,enzyme,cpREV,0.9984572955305876,Spearman
1GCB_A,enzyme,cpREV,0.9987794669558794,Spearman
1GDH_A,enzyme,cpREV,0.9998956248438012,Spearman
1GP1_A,enzyme,cpREV,0.9991258455867856,Spearman
1GPJ_A,enzyme,cpREV,0.9993922276204691,Spearman
1GTP_A,enzyme,cpREV,0.9995612441021713,Spearman
1H3I_A,enzyme,cpREV,0.9898879445159147,Spearman
1HR6_B,enzyme,cpREV,0.9979777988652385,Spearman
1HV9_A,enzyme,cpREV,0.9991563574966145,Spearman
1IVH_A,enzyme,cpREV,0.9998081985006662,Spearman
1J79_A,enzyme,cpREV,0.9984894807857181,Spearman
1JOF_A,enzyme,cpREV,0.9998216845454473,Spearman
1K30_A,enzyme,cpREV,0.996101442491356,Spearman
1L1D_A,enzyme,cpREV,0.9998267189480355,Spearman
1L7N_A,enzyme,cpREV,0.9998095302299523,Spearman
1LJL_A,enzyme,cpREV,0.9999003389472404,Spearman
1MBB_A,enzyme,cpREV,0.9998525280589651,Spearman
1MHY_D,enzyme,cpREV,0.9995444774472,Spearman
1MQW_A,enzyme,cpREV,0.9977262010712299,Spearman
1NBA_A,enzyme,cpREV,0.9992094195632042,Spearman
1NIR_A,enzyme,cpREV,0.9997709394623022,Spearman
1NU3_A,enzyme,cpREV,0.9993246103743143,Spearman
1OAC_A,enzyme,cpREV,0.9989075638452283,Spearman
1OH9_A,enzyme,cpREV,0.9959809923275322,Spearman
1OPM_A,enzyme,cpREV,0.9984924070996574,Spearman
1OS7_A,enzyme,cpREV,0.9990100462018008,Spearman
1PMA_B,enzyme,cpREV,0.9987447720028252,Spearman
1POW_A,enzyme,cpREV,0.9997016948344541,Spearman
1QAZ_A,enzyme,cpREV,0.9977738733045305,Spearman
1QFM_A,enzyme,cpREV,0.9997494392620758,Spearman
1QI9_A,enzyme,cpREV,0.998008246948147,Spearman
1QJE_A,enzyme,cpREV,0.9991302187668301,Spearman
1QRG_A,enzyme,cpREV,0.9994505299102946,Spearman
1REQ_A,enzyme,cpREV,0.9997889720129398,Spearman
1S3I_A,enzyme,cpREV,0.999884275165121,Spearman
1S95_A,enzyme,cpREV,0.9986930384977747,Spearman
1SML_A,enzyme,cpREV,0.9993033161005987,Spearman
1SMN_A,enzyme,cpREV,0.998647459362675,Spearman
1STC_E,enzyme,cpREV,0.9980920040628194,Spearman
1TAH_B,enzyme,cpREV,0.999064480164118,Spearman
1TLP_E,enzyme,cpREV,0.9992735926448281,Spearman
1TRK_B,enzyme,cpREV,0.9997588729106961,Spearman
1TYF_A,enzyme,cpREV,0.9998418132802579,Spearman
1UAQ_A,enzyme,cpREV,0.9997576971154218,Spearman
1UQT_A,enzyme,cpREV,0.9967405949712688,Spearman
1W0H_A,enzyme,cpREV,0.9969717126690304,Spearman
1WGI_A,enzyme,cpREV,0.9997943952170875,Spearman
1YCF_A,enzyme,cpREV,0.9995840425168077,Spearman
1YON_A,enzyme,cpREV,0.9987443341181972,Spearman
1YVE_I,enzyme,cpREV,0.9973184567094558,Spearman
1ZE1_A,enzyme,cpREV,0.999567571089964,Spearman
206L_A,enzyme,cpREV,0.9972020461750395,Spearman
2DOR_A,enzyme,cpREV,0.9968076781569803,Spearman
2JCW_A,enzyme,cpREV,0.9996836590085132,Spearman
3CSM_A,enzyme,cpREV,0.9988936868748909,Spearman
3ECA_A,enzyme,cpREV,0.9997180939172472,Spearman
3PVA_A,enzyme,cpREV,0.9997641443365882,Spearman
7ATJ_A,enzyme,cpREV,0.9998176582799905,Spearman
ATP6,mito,cpREV,0.9867477488168171,Spearman
ATP8,mito,cpREV,0.9998144109868696,Spearman
atpA,chloro,cpREV,0.9999960351198299,Spearman
atpB,chloro,cpREV,0.99999259434653,Spearman
atpE,chloro,cpREV,0.9999571603225497,Spearman
atpF,chloro,cpREV,0.9998493181112087,Spearman
atpH,chloro,cpREV,0.9999764901815945,Spearman
atpI,chloro,cpREV,0.9999902195368964,Spearman
ccsA,chloro,cpREV,0.9996837743874121,Spearman
COX1,mito,cpREV,0.9989882790541232,Spearman
COX2,mito,cpREV,0.9913488862366331,Spearman
COX3,mito,cpREV,0.9979191510587127,Spearman
CYTB,mito,cpREV,0.9988826165027618,Spearman
matK,chloro,cpREV,0.9996538594894713,Spearman
ND1,mito,cpREV,0.998508934555784,Spearman
ND2,mito,cpREV,0.9970354468803436,Spearman
ND3,mito,cpREV,0.994851915094834,Spearman
ND4,mito,cpREV,0.9934237733582122,Spearman
ND4L,mito,cpREV,0.99846672126697,Spearman
ND5,mito,cpREV,0.9872373558022882,Spearman
ND6,mito,cpREV,0.9939223804470327,Spearman
ndhA,chloro,cpREV,0.9999852693131214,Spearman
ndhB,chloro,cpREV,0.9998927720499144,Spearman
ndhC,chloro,cpREV,0.9999733019482905,Spearman
ndhD,chloro,cpREV,0.9999928696449342,Spearman
ndhE,chloro,cpREV,0.9999900771993888,Spearman
ndhF,chloro,cpREV,0.999860024347835,Spearman
ndhG,chloro,cpREV,0.9998431470064085,Spearman
ndhH,chloro,cpREV,0.9919426010096446,Spearman
ndhI,chloro,cpREV,0.9999411150069715,Spearman
ndhJ,chloro,cpREV,0.9997375701915624,Spearman
ndhK,chloro,cpREV,0.9996214555322757,Spearman
petA,chloro,cpREV,0.9999779616405833,Spearman
petB,chloro,cpREV,0.9998689015896823,Spearman
petD,chloro,cpREV,0.9996812252701688,Spearman
petG,chloro,cpREV,1,Spearman
petN,chloro,cpREV,0.9999380555640996,Spearman
psaA,chloro,cpREV,0.9999977840469412,Spearman
psaB,chloro,cpREV,0.9968960979255671,Spearman
psaJ,chloro,cpREV,0.9996242092736802,Spearman
psbA,chloro,cpREV,0.9999960086171588,Spearman
psbB,chloro,cpREV,0.9999986032753702,Spearman
psbC,chloro,cpREV,0.9999951528481784,Spearman
psbD,chloro,cpREV,0.9999699938803949,Spearman
psbE,chloro,cpREV,0.9999761666428333,Spearman
psbF,chloro,cpREV,1,Spearman
psbJ,chloro,cpREV,0.9998185941043084,Spearman
psbK,chloro,cpREV,0.9997367846439003,Spearman
psbL,chloro,cpREV,0.9995905182219391,Spearman
psbN,chloro,cpREV,1,Spearman
psbT,chloro,cpREV,0.9996695307336416,Spearman
rbcL,chloro,cpREV,0.9999846152672576,Spearman
rpl14,chloro,cpREV,0.9999905083221214,Spearman
rpl16,chloro,cpREV,0.9981142252904573,Spearman
rpl20,chloro,cpREV,0.9993342768603356,Spearman
rpl22,chloro,cpREV,0.9970545669127152,Spearman
rpl36,chloro,cpREV,0.991354557788786,Spearman
rpoB,chloro,cpREV,0.9999786238725424,Spearman
rpoC1,chloro,cpREV,0.9998421971940258,Spearman
rpoC2,chloro,cpREV,0.9996475349761053,Spearman
rps11,chloro,cpREV,0.9998261047463175,Spearman
rps12,chloro,cpREV,0.9993231355565753,Spearman
rps14,chloro,cpREV,0.9999776436026474,Spearman
rps15,chloro,cpREV,0.9996450257669532,Spearman
rps2,chloro,cpREV,0.999936656458207,Spearman
rps3,chloro,cpREV,0.9999137821631837,Spearman
rps4,chloro,cpREV,0.9999491188708267,Spearman
rps7,chloro,cpREV,0.9999814767780464,Spearman
rps8,chloro,cpREV,0.9995509104270432,Spearman
ycf1,chloro,cpREV,0.99938094244912,Spearman
ycf2,chloro,cpREV,0.9996490878758862,Spearman
ycf3,chloro,cpREV,0.9998866326944821,Spearman
ycf4,chloro,cpREV,0.9997916335957491,Spearman
13PK_A,enzyme,JC69,0.9991413150730568,Spearman
1A16_A,enzyme,JC69,0.9996175796487748,Spearman
1A4L_A,enzyme,JC69,0.9948879155536449,Spearman
1A50_B,enzyme,JC69,0.999322964295489,Spearman
1A8H_A,enzyme,JC69,0.9992880098611685,Spearman
1A8S_A,enzyme,JC69,0.9964555613383428,Spearman
1AF7_A,enzyme,JC69,0.9976596638431046,Spearman
1AJ8_A,enzyme,JC69,0.9995431524639736,Spearman
1B73_A,enzyme,JC69,0.9995166760786338,Spearman
1B8F_A,enzyme,JC69,0.9978476583850832,Spearman
1B93_A,enzyme,JC69,0.9989654970387061,Spearman
1BF2_A,enzyme,JC69,0.9986806349000742,Spearman
1BJO_A,enzyme,JC69,0.9993760681013661,Spearman
1BQC_A,enzyme,JC69,0.9982450968654002,Spearman
1BZC_A,enzyme,JC69,0.9916293486957444,Spearman
1C0K_A,enzyme,JC69,0.9982166848689022,Spearman
1C2T_A,enzyme,JC69,0.9983873565417608,Spearman
1C82_A,enzyme,JC69,0.9957461122560636,Spearman
1CBG_A,enzyme,JC69,0.9982228982172591,Spearman
1CEL_A,enzyme,JC69,0.9995424570996377,Spearman
1CF2_O,enzyme,JC69,0.9995923886014774,Spearman
1CTN_A,enzyme,JC69,0.9973308262199451,Spearman
1CTT_A,enzyme,JC69,0.9990755851040554,Spearman
1CZ1_A,enzyme,JC69,0.9996117436839691,Spearman
1DBT_A,enzyme,JC69,0.9997186352992505,Spearman
1DEK_A,enzyme,JC69,0.995392350452353,Spearman
1DJ0_A,enzyme,JC69,0.9993045276252276,Spearman
1DPG_A,enzyme,JC69,0.9993191770489338,Spearman
1E2A_A,enzyme,JC69,0.9994851849460977,Spearman
1E3V_A,enzyme,JC69,0.9997274524351486,Spearman
1E6E_A,enzyme,JC69,0.9984769513379756,Spearman
1E7Q_A,enzyme,JC69,0.9992159189166853,Spearman
1EG7_A,enzyme,JC69,0.999985936852834,Spearman
1EUU_A,enzyme,JC69,0.9976781177326244,Spearman
1EXP_A,enzyme,JC69,0.9989553444789239,Spearman
1FF3_A,enzyme,JC69,0.9995646096024847,Spearman
1FPS_A,enzyme,JC69,0.9994687995756295,Spearman
1FR8_A,enzyme,JC69,0.995043469784539,Spearman
1G6T_A,enzyme,JC69,0.9989073170850133,Spearman
1G72_A,enzyme,JC69,0.9989778507312885,Spearman
1G79_A,enzyme,JC69,0.9987735456056569,Spearman
1G8F_A,enzyme,JC69,0.9980776983364689,Spearman
1GA8_A,enzyme,JC69,0.9982893292508891,Spearman
1GCB_A,enzyme,JC69,0.9985674189576813,Spearman
1GDH_A,enzyme,JC69,0.9995691082979741,Spearman
1GP1_A,enzyme,JC69,0.9963593599189003,Spearman
1GPJ_A,enzyme,JC69,0.996418032030932,Spearman
1GTP_A,enzyme,JC69,0.9991188528448386,Spearman
1H3I_A,enzyme,JC69,0.9981917896573536,Spearman
1HR6_B,enzyme,JC69,0.9995668335017975,Spearman
1HV9_A,enzyme,JC69,0.9990200829178263,Spearman
1IVH_A,enzyme,JC69,0.9991078816324327,Spearman
1J79_A,enzyme,JC69,0.9997882504700355,Spearman
1JOF_A,enzyme,JC69,0.9960360934471678,Spearman
1K30_A,enzyme,JC69,0.9957298762447403,Spearman
1L1D_A,enzyme,JC69,0.9995980396600094,Spearman
1L7N_A,enzyme,JC69,0.9993710131926046,Spearman
1LJL_A,enzyme,JC69,0.9997282943546755,Spearman
1MBB_A,enzyme,JC69,0.9990856434976552,Spearman
1MHY_D,enzyme,JC69,0.9997782610265605,Spearman
1MQW_A,enzyme,JC69,0.9994276638796166,Spearman
1NBA_A,enzyme,JC69,0.9989296144247296,Spearman
1NIR_A,enzyme,JC69,0.998182216575399,Spearman
1NU3_A,enzyme,JC69,0.9883306965879763,Spearman
1OAC_A,enzyme,JC69,0.9990937613809354,Spearman
1OH9_A,enzyme,JC69,0.9995893422260299,Spearman
1OPM_A,enzyme,JC69,0.994296423976757,Spearman
1OS7_A,enzyme,JC69,0.9988581243652277,Spearman
1PMA_B,enzyme,JC69,0.997335643579392,Spearman
1POW_A,enzyme,JC69,0.9994410856704209,Spearman
1QAZ_A,enzyme,JC69,0.9985186134800714,Spearman
1QFM_A,enzyme,JC69,0.9996063157756638,Spearman
1QI9_A,enzyme,JC69,0.997150611979061,Spearman
1QJE_A,enzyme,JC69,0.999449544014234,Spearman
1QRG_A,enzyme,JC69,0.9968437402350856,Spearman
1REQ_A,enzyme,JC69,0.998387870340019,Spearman
1S3I_A,enzyme,JC69,0.9998880203722945,Spearman
1S95_A,enzyme,JC69,0.9971506899200806,Spearman
1SML_A,enzyme,JC69,0.9995942028590741,Spearman
1SMN_A,enzyme,JC69,0.9994106248021483,Spearman
1STC_E,enzyme,JC69,0.9972318651689397,Spearman
1TAH_B,enzyme,JC69,0.9990764123501928,Spearman
1TLP_E,enzyme,JC69,0.9986698918788686,Spearman
1TRK_B,enzyme,JC69,0.9991464298636411,Spearman
1TYF_A,enzyme,JC69,0.9997337559571401,Spearman
1UAQ_A,enzyme,JC69,0.9966160479361847,Spearman
1UQT_A,enzyme,JC69,0.9991367687296351,Spearman
1W0H_A,enzyme,JC69,0.9982580976295818,Spearman
1WGI_A,enzyme,JC69,0.9995736606802206,Spearman
1YCF_A,enzyme,JC69,0.9991963521632261,Spearman
1YON_A,enzyme,JC69,0.9985017901563995,Spearman
1YVE_I,enzyme,JC69,0.9887971645894302,Spearman
1ZE1_A,enzyme,JC69,0.997776744591346,Spearman
206L_A,enzyme,JC69,0.9977613253756106,Spearman
2DOR_A,enzyme,JC69,0.9958988184876734,Spearman
2JCW_A,enzyme,JC69,0.9972283985243364,Spearman
3CSM_A,enzyme,JC69,0.9913775716561448,Spearman
3ECA_A,enzyme,JC69,0.9988485406959505,Spearman
3PVA_A,enzyme,JC69,0.9989796387839925,Spearman
7ATJ_A,enzyme,JC69,0.9996857050791284,Spearman
ATP6,mito,JC69,0.9948643643728665,Spearman
ATP8,mito,JC69,0.9994741644627972,Spearman
atpA,chloro,JC69,0.9993483459175186,Spearman
atpB,chloro,JC69,0.9999348730519532,Spearman
atpE,chloro,JC69,0.99463659910182,Spearman
atpF,chloro,JC69,0.9925460682512665,Spearman
atpH,chloro,JC69,0.9998542257130408,Spearman
atpI,chloro,JC69,0.9985931418352234,Spearman
ccsA,chloro,JC69,0.9972184193147474,Spearman
COX1,mito,JC69,0.9986222396086833,Spearman
COX2,mito,JC69,0.997622646755722,Spearman
COX3,mito,JC69,0.9989352614580976,Spearman
CYTB,mito,JC69,0.9967723243059058,Spearman
matK,chloro,JC69,0.9956862144941885,Spearman
ND1,mito,JC69,0.9971687399758363,Spearman
ND2,mito,JC69,0.9965086648870475,Spearman
ND3,mito,JC69,0.9766074271825799,Spearman
ND4,mito,JC69,0.9911356166909545,Spearman
ND4L,mito,JC69,0.9962846397969447,Spearman
ND5,mito,JC69,0.9835486064816954,Spearman
ND6,mito,JC69,0.9876446844195591,Spearman
ndhA,chloro,JC69,0.99798461531507765,Spearman
ndhB,chloro,JC69,0.997941232372516,Spearman
ndhC,chloro,JC69,0.9985905606553936,Spearman
ndhD,chloro,JC69,0.9965297500213549,Spearman
ndhE,chloro,JC69,0.9961722322140786,Spearman
ndhF,chloro,JC69,0.9964876304082918,Spearman
ndhG,chloro,JC69,0.9835111290963195,Spearman
ndhH,chloro,JC69,0.9798720259688989,Spearman
ndhI,chloro,JC69,0.9968708851841777,Spearman
ndhJ,chloro,JC69,0.9952644797854572,Spearman
ndhK,chloro,JC69,0.9974209386248805,Spearman
petA,chloro,JC69,0.9975615094398739,Spearman
petB,chloro,JC69,0.9998275520064268,Spearman
petD,chloro,JC69,0.9963292100194859,Spearman
petG,chloro,JC69,0.9994679925246998,Spearman
petN,chloro,JC69,0.996778989098117,Spearman
psaA,chloro,JC69,0.9996526502696421,Spearman
psaB,chloro,JC69,0.9976948351568228,Spearman
psaJ,chloro,JC69,0.9977452556420803,Spearman
psbA,chloro,JC69,0.9999411572206437,Spearman
psbB,chloro,JC69,0.9994759015224327,Spearman
psbC,chloro,JC69,0.9999802933439942,Spearman
psbD,chloro,JC69,0.9999930082826058,Spearman
psbE,chloro,JC69,0.9999165809066831,Spearman
psbF,chloro,JC69,0.9995096935360721,Spearman
psbJ,chloro,JC69,0.9896598639455781,Spearman
psbK,chloro,JC69,0.9970430107526883,Spearman
psbL,chloro,JC69,0.9425434706992678,Spearman
psbN,chloro,JC69,0.9995244726472732,Spearman
psbT,chloro,JC69,0.9993390614672835,Spearman
rbcL,chloro,JC69,0.9996838434482762,Spearman
rpl14,chloro,JC69,0.9962191321455268,Spearman
rpl16,chloro,JC69,0.9944768066363052,Spearman
rpl20,chloro,JC69,0.9945131420650947,Spearman
rpl22,chloro,JC69,0.9967513292535277,Spearman
rpl36,chloro,JC69,0.9211133273408421,Spearman
rpoB,chloro,JC69,0.997324657649049,Spearman
rpoC1,chloro,JC69,0.997274674034373,Spearman
rpoC2,chloro,JC69,0.9949836925411859,Spearman
rps11,chloro,JC69,0.9956740555986981,Spearman
rps12,chloro,JC69,0.9952650363655803,Spearman
rps14,chloro,JC69,0.9988030686857297,Spearman
rps15,chloro,JC69,0.99152550335974865,Spearman
rps2,chloro,JC69,0.9977068424091934,Spearman
rps3,chloro,JC69,0.996580393831087,Spearman
rps4,chloro,JC69,0.9985649623545422,Spearman
rps7,chloro,JC69,0.9936948314308177,Spearman
rps8,chloro,JC69,0.9916058226540141,Spearman
ycf1,chloro,JC69,0.997761517242422,Spearman
ycf2,chloro,JC69,0.9982840611804772,Spearman
ycf3,chloro,JC69,0.9970982692208418,Spearman
ycf4,chloro,JC69,0.9977529768611266,Spearman
