dataset,type,model,rho
13PK_A,Enzyme,LG,0.9989498308464115
13PK_A,Enzyme,WAG,0.9992732150794083
13PK_A,Enzyme,JTT,0.9986784633992914
13PK_A,Enzyme,gcpREV,0.9990766029760497
13PK_A,Enzyme,mtVer,0.9987438360517559
13PK_A,Enzyme,JC69,0.9994163804755385
1A16_A,Enzyme,LG,0.9999589369325976
1A16_A,Enzyme,WAG,0.9999499736635307
1A16_A,Enzyme,JTT,0.9999406255863849
1A16_A,Enzyme,gcpREV,0.9989342562120043
1A16_A,Enzyme,mtVer,0.9998664590463948
1A16_A,Enzyme,JC69,0.9999487211395911
1A4L_A,Enzyme,LG,0.9973081802205784
1A4L_A,Enzyme,WAG,0.9985020742208638
1A4L_A,Enzyme,JTT,0.9989885299955701
1A4L_A,Enzyme,gcpREV,0.9986078014579941
1A4L_A,Enzyme,mtVer,0.9975466741836221
1A4L_A,Enzyme,JC69,0.9956774564794955
1A50_B,Enzyme,LG,0.9996741065984714
1A50_B,Enzyme,WAG,0.9996443288009951
1A50_B,Enzyme,JTT,0.9997495245549024
1A50_B,Enzyme,gcpREV,0.9998431380817182
1A50_B,Enzyme,mtVer,0.9997071668268125
1A50_B,Enzyme,JC69,0.9997719608242074
1A8H_A,Enzyme,LG,0.9997117554845939
1A8H_A,Enzyme,WAG,0.9993318725240901
1A8H_A,Enzyme,JTT,0.9996372337759186
1A8H_A,Enzyme,gcpREV,0.9996331968784785
1A8H_A,Enzyme,mtVer,0.9993827245000056
1A8H_A,Enzyme,JC69,0.999803078257718
1A8S_A,Enzyme,LG,0.9988331233815677
1A8S_A,Enzyme,WAG,0.9989389204827177
1A8S_A,Enzyme,JTT,0.9985559951530375
1A8S_A,Enzyme,gcpREV,0.9987881400452819
1A8S_A,Enzyme,mtVer,0.9966846046991527
1A8S_A,Enzyme,JC69,0.998850263386687
1AF7_A,Enzyme,LG,0.9983472619576533
1AF7_A,Enzyme,WAG,0.998776864755867
1AF7_A,Enzyme,JTT,0.9979518910619914
1AF7_A,Enzyme,gcpREV,0.9991161479702932
1AF7_A,Enzyme,mtVer,0.995997997632415
1AF7_A,Enzyme,JC69,0.9992704606886532
1AJ8_A,Enzyme,LG,0.9997523309465552
1AJ8_A,Enzyme,WAG,0.9997789822136164
1AJ8_A,Enzyme,JTT,0.9997836144242527
1AJ8_A,Enzyme,gcpREV,0.999683565834846
1AJ8_A,Enzyme,mtVer,0.999663805418589
1AJ8_A,Enzyme,JC69,0.9999293968376641
1B73_A,Enzyme,LG,0.9994962605981127
1B73_A,Enzyme,WAG,0.9997628033714209
1B73_A,Enzyme,JTT,0.9996820138839386
1B73_A,Enzyme,gcpREV,0.9996610724238824
1B73_A,Enzyme,mtVer,0.9996838413389533
1B73_A,Enzyme,JC69,0.999503127972353
1B8F_A,Enzyme,LG,0.9998751264786164
1B8F_A,Enzyme,WAG,0.9998106275174754
1B8F_A,Enzyme,JTT,0.9998636562162733
1B8F_A,Enzyme,gcpREV,0.9998521859369908
1B8F_A,Enzyme,mtVer,0.9997736136798288
1B8F_A,Enzyme,JC69,0.999606463059914
1B93_A,Enzyme,LG,0.9991449494597892
1B93_A,Enzyme,WAG,0.9993010292561051
1B93_A,Enzyme,JTT,0.9991335995938094
1B93_A,Enzyme,gcpREV,0.998879847046554
1B93_A,Enzyme,mtVer,0.9992510612688464
1B93_A,Enzyme,JC69,0.9997043618237492
1BF2_A,Enzyme,LG,0.9986706914531671
1BF2_A,Enzyme,WAG,0.9991026157913473
1BF2_A,Enzyme,JTT,0.9991478283401996
1BF2_A,Enzyme,gcpREV,0.9991220346723233
1BF2_A,Enzyme,mtVer,0.9989041813112005
1BF2_A,Enzyme,JC69,0.9984054194212432
1BJO_A,Enzyme,LG,0.9984091930571398
1BJO_A,Enzyme,WAG,0.9994421746633502
1BJO_A,Enzyme,JTT,0.9991978886873746
1BJO_A,Enzyme,gcpREV,0.9987577356281189
1BJO_A,Enzyme,mtVer,0.9990370754156596
1BJO_A,Enzyme,JC69,0.9981729258822234
1BQC_A,Enzyme,LG,0.9991808634095387
1BQC_A,Enzyme,WAG,0.9995419486962127
1BQC_A,Enzyme,JTT,0.9996582427419143
1BQC_A,Enzyme,gcpREV,0.9997361512277749
1BQC_A,Enzyme,mtVer,0.9992952689693552
1BQC_A,Enzyme,JC69,0.9982635174755519
1BZC_A,Enzyme,LG,0.9909895053091654
1BZC_A,Enzyme,WAG,0.9890376069229333
1BZC_A,Enzyme,JTT,0.9913063095079531
1BZC_A,Enzyme,gcpREV,0.9925080938961292
1BZC_A,Enzyme,mtVer,0.9934085336894809
1BZC_A,Enzyme,JC69,0.9958935370662895
1C0K_A,Enzyme,LG,0.9995479157688636
1C0K_A,Enzyme,WAG,0.9994584175416256
1C0K_A,Enzyme,JTT,0.999436255600262
1C0K_A,Enzyme,gcpREV,0.9993331120309431
1C0K_A,Enzyme,mtVer,0.9992289858845164
1C0K_A,Enzyme,JC69,0.9996348215234993
1C2T_A,Enzyme,LG,0.999142974770827
1C2T_A,Enzyme,WAG,0.9990988363691777
1C2T_A,Enzyme,JTT,0.9990483922242454
1C2T_A,Enzyme,gcpREV,0.9990487861941799
1C2T_A,Enzyme,mtVer,0.9991201140260974
1C2T_A,Enzyme,JC69,0.9989356763345179
1C82_A,Enzyme,LG,0.9990407548904363
1C82_A,Enzyme,WAG,0.9979802514125647
1C82_A,Enzyme,JTT,0.9974173759633684
1C82_A,Enzyme,gcpREV,0.9975497644358419
1C82_A,Enzyme,mtVer,0.9985455375389696
1C82_A,Enzyme,JC69,0.9994084190708205
1CBG_A,Enzyme,LG,0.998475336201995
1CBG_A,Enzyme,WAG,0.9995948747833483
1CBG_A,Enzyme,JTT,0.9989145964359338
1CBG_A,Enzyme,gcpREV,0.9990213182272594
1CBG_A,Enzyme,mtVer,0.9977497990456003
1CBG_A,Enzyme,JC69,0.9977407228123245
1CEL_A,Enzyme,LG,0.999334008447069
1CEL_A,Enzyme,WAG,0.9994942757332634
1CEL_A,Enzyme,JTT,0.9993969019565068
1CEL_A,Enzyme,gcpREV,0.9993723855243181
1CEL_A,Enzyme,mtVer,0.9985178608366793
1CEL_A,Enzyme,JC69,0.9997406921094387
1CF2_O,Enzyme,LG,0.9980175678644861
1CF2_O,Enzyme,WAG,0.9998181018900464
1CF2_O,Enzyme,JTT,0.9998246341843332
1CF2_O,Enzyme,gcpREV,0.9997069381538841
1CF2_O,Enzyme,mtVer,0.9996309884182656
1CF2_O,Enzyme,JC69,0.9998387367641196
1CTN_A,Enzyme,LG,0.9959456678059141
1CTN_A,Enzyme,WAG,0.9966535901581685
1CTN_A,Enzyme,JTT,0.9966842744809475
1CTN_A,Enzyme,gcpREV,0.9960934863742649
1CTN_A,Enzyme,mtVer,0.9963951959913383
1CTN_A,Enzyme,JC69,0.9969641878417616
1CTT_A,Enzyme,LG,0.9978602740964336
1CTT_A,Enzyme,WAG,0.9986044237465377
1CTT_A,Enzyme,JTT,0.9977254925544135
1CTT_A,Enzyme,gcpREV,0.9988890165139648
1CTT_A,Enzyme,mtVer,0.9985239195746731
1CTT_A,Enzyme,JC69,0.9964237588872907
1CZ1_A,Enzyme,LG,0.9996303798297196
1CZ1_A,Enzyme,WAG,0.999384860724655
1CZ1_A,Enzyme,JTT,0.9982712060230801
1CZ1_A,Enzyme,gcpREV,0.9995686533061496
1CZ1_A,Enzyme,mtVer,0.9994086755874525
1CZ1_A,Enzyme,JC69,0.9996585015433296
1DBT_A,Enzyme,LG,0.9992497440291681
1DBT_A,Enzyme,WAG,0.9999126928500751
1DBT_A,Enzyme,JTT,0.9997633439482342
1DBT_A,Enzyme,gcpREV,0.9998208009252456
1DBT_A,Enzyme,mtVer,0.9998221649470415
1DBT_A,Enzyme,JC69,0.999838939547805
1DEK_A,Enzyme,LG,0.997102376811237
1DEK_A,Enzyme,WAG,0.9975083483883505
1DEK_A,Enzyme,JTT,0.9973816122265021
1DEK_A,Enzyme,gcpREV,0.993730742354266
1DEK_A,Enzyme,mtVer,0.99769888750061
1DEK_A,Enzyme,JC69,0.9924331939123276
1DJ0_A,Enzyme,LG,0.999355617763365
1DJ0_A,Enzyme,WAG,0.9994668675214267
1DJ0_A,Enzyme,JTT,0.9993717717263169
1DJ0_A,Enzyme,gcpREV,0.9994863817178791
1DJ0_A,Enzyme,mtVer,0.9994047561186897
1DJ0_A,Enzyme,JC69,0.9992129431481513
1DPG_A,Enzyme,LG,0.9996687872003589
1DPG_A,Enzyme,WAG,0.9998142841303617
1DPG_A,Enzyme,JTT,0.9996776686607634
1DPG_A,Enzyme,gcpREV,0.9997517159623559
1DPG_A,Enzyme,mtVer,0.9996797333543094
1DPG_A,Enzyme,JC69,0.999817143937099
1E2A_A,Enzyme,LG,0.9997321072668323
1E2A_A,Enzyme,WAG,0.9998450740820234
1E2A_A,Enzyme,JTT,0.9986024368595176
1E2A_A,Enzyme,gcpREV,0.999690148164047
1E2A_A,Enzyme,mtVer,0.9994182180903122
1E2A_A,Enzyme,JC69,0.9906293195321954
1E3V_A,Enzyme,LG,0.9996618880555452
1E3V_A,Enzyme,WAG,0.9996061955922011
1E3V_A,Enzyme,JTT,0.999612132451679
1E3V_A,Enzyme,gcpREV,0.9995004649040949
1E3V_A,Enzyme,mtVer,0.9997645086560092
1E3V_A,Enzyme,JC69,0.9997062524803918
1E6E_A,Enzyme,LG,0.9992818100836155
1E6E_A,Enzyme,WAG,0.9993820917881789
1E6E_A,Enzyme,JTT,0.9983787594831869
1E6E_A,Enzyme,gcpREV,0.9956219487285823
1E6E_A,Enzyme,mtVer,0.9989945539482717
1E6E_A,Enzyme,JC69,0.9994791423231068
1E7Q_A,Enzyme,LG,0.9996631395481901
1E7Q_A,Enzyme,WAG,0.9997530424149833
1E7Q_A,Enzyme,JTT,0.9996683030492632
1E7Q_A,Enzyme,gcpREV,0.9989498239485183
1E7Q_A,Enzyme,mtVer,0.999048579625098
1E7Q_A,Enzyme,JC69,0.9982485604110101
1EG7_A,Enzyme,LG,0.9999852353152899
1EG7_A,Enzyme,WAG,0.9999885146619368
1EG7_A,Enzyme,JTT,0.9999920456795498
1EG7_A,Enzyme,gcpREV,0.9999926862958504
1EG7_A,Enzyme,mtVer,0.9999290669797228
1EG7_A,Enzyme,JC69,0.9999857995802979
1EUU_A,Enzyme,LG,0.9873274767275123
1EUU_A,Enzyme,WAG,0.988221479698062
1EUU_A,Enzyme,JTT,0.9916859436431207
1EUU_A,Enzyme,gcpREV,0.9935305614475497
1EUU_A,Enzyme,mtVer,0.9906577486299627
1EUU_A,Enzyme,JC69,0.9944823740279845
1EXP_A,Enzyme,LG,0.9998322978061756
1EXP_A,Enzyme,WAG,0.9998769708920553
1EXP_A,Enzyme,JTT,0.9998381258739867
1EXP_A,Enzyme,gcpREV,0.9998427644979458
1EXP_A,Enzyme,mtVer,0.9996541293224263
1EXP_A,Enzyme,JC69,0.9998764923186383
1FF3_A,Enzyme,LG,0.9997356064731436
1FF3_A,Enzyme,WAG,0.999696827653409
1FF3_A,Enzyme,JTT,0.9996356716513911
1FF3_A,Enzyme,gcpREV,0.9996753917207719
1FF3_A,Enzyme,mtVer,0.9997356010951294
1FF3_A,Enzyme,JC69,0.9997245901859922
1FPS_A,Enzyme,LG,0.9993784930882444
1FPS_A,Enzyme,WAG,0.9988833124502318
1FPS_A,Enzyme,JTT,0.9997987390444263
1FPS_A,Enzyme,gcpREV,0.9997540059674143
1FPS_A,Enzyme,mtVer,0.9998321428497571
1FPS_A,Enzyme,JC69,0.9997420153544936
1FR8_A,Enzyme,LG,0.9976560585342166
1FR8_A,Enzyme,WAG,0.9974159356264101
1FR8_A,Enzyme,JTT,0.9979539503545961
1FR8_A,Enzyme,gcpREV,0.9981903930909962
1FR8_A,Enzyme,mtVer,0.9972734353603883
1FR8_A,Enzyme,JC69,0.9940125657558992
1G6T_A,Enzyme,LG,0.9988944770176476
1G6T_A,Enzyme,WAG,0.9994173489829092
1G6T_A,Enzyme,JTT,0.9995232732717632
1G6T_A,Enzyme,gcpREV,0.9996149187408557
1G6T_A,Enzyme,mtVer,0.9991260686681738
1G6T_A,Enzyme,JC69,0.9986687064212293
1G72_A,Enzyme,LG,0.9996397783665979
1G72_A,Enzyme,WAG,0.9997021581211646
1G72_A,Enzyme,JTT,0.9996448084633164
1G72_A,Enzyme,gcpREV,0.9993924291704734
1G72_A,Enzyme,mtVer,0.999296104495495
1G72_A,Enzyme,JC69,0.9994559620382568
1G79_A,Enzyme,LG,0.9997136984900065
1G79_A,Enzyme,WAG,0.9996630765256757
1G79_A,Enzyme,JTT,0.9996106002774624
1G79_A,Enzyme,gcpREV,0.9996208004582134
1G79_A,Enzyme,mtVer,0.9994534512454336
1G79_A,Enzyme,JC69,0.9996944065771513
1G8F_A,Enzyme,LG,0.9996804089744733
1G8F_A,Enzyme,WAG,0.9994178497363506
1G8F_A,Enzyme,JTT,0.999507317327587
1G8F_A,Enzyme,gcpREV,0.9993162070948306
1G8F_A,Enzyme,mtVer,0.9990638768768655
1G8F_A,Enzyme,JC69,0.9991107080817707
1GA8_A,Enzyme,LG,0.9875908894479778
1GA8_A,Enzyme,WAG,0.9986437564812214
1GA8_A,Enzyme,JTT,0.9947715486061475
1GA8_A,Enzyme,gcpREV,0.9976550133269549
1GA8_A,Enzyme,mtVer,0.9887922574599469
1GA8_A,Enzyme,JC69,0.9994448306842387
1GCB_A,Enzyme,LG,0.9993570504514732
1GCB_A,Enzyme,WAG,0.9993670956781621
1GCB_A,Enzyme,JTT,0.9961747469771298
1GCB_A,Enzyme,gcpREV,0.9994379946677465
1GCB_A,Enzyme,mtVer,0.998555971401441
1GCB_A,Enzyme,JC69,0.9971609599751561
1GDH_A,Enzyme,LG,0.9998922930412292
1GDH_A,Enzyme,WAG,0.9999003366185851
1GDH_A,Enzyme,JTT,0.9996610300180963
1GDH_A,Enzyme,gcpREV,0.9998119533600647
1GDH_A,Enzyme,mtVer,0.9985592074335443
1GDH_A,Enzyme,JC69,0.9999138990314479
1GP1_A,Enzyme,LG,0.9991325405874764
1GP1_A,Enzyme,WAG,0.9993727842571447
1GP1_A,Enzyme,JTT,0.9990962057240609
1GP1_A,Enzyme,gcpREV,0.9990479679282123
1GP1_A,Enzyme,mtVer,0.9992073181866876
1GP1_A,Enzyme,JC69,0.9986207037561472
1GPJ_A,Enzyme,LG,0.9965109081339663
1GPJ_A,Enzyme,WAG,0.9958269679143
1GPJ_A,Enzyme,JTT,0.9989406874596085
1GPJ_A,Enzyme,gcpREV,0.999315412029773
1GPJ_A,Enzyme,mtVer,0.9994993163542747
1GPJ_A,Enzyme,JC69,0.9943083632094839
1GTP_A,Enzyme,LG,0.9993928511733844
1GTP_A,Enzyme,WAG,0.9994786046259668
1GTP_A,Enzyme,JTT,0.9994324544825889
1GTP_A,Enzyme,gcpREV,0.9990237118060282
1GTP_A,Enzyme,mtVer,0.9992213402661453
1GTP_A,Enzyme,JC69,0.9997321164965736
1H3I_A,Enzyme,LG,0.9894997857350557
1H3I_A,Enzyme,WAG,0.9905842401842977
1H3I_A,Enzyme,JTT,0.9914083520841929
1H3I_A,Enzyme,gcpREV,0.9923791496238131
1H3I_A,Enzyme,mtVer,0.9904798815014185
1H3I_A,Enzyme,JC69,0.9974941352919798
1HR6_B,Enzyme,LG,0.999447146985505
1HR6_B,Enzyme,WAG,0.9997071149311973
1HR6_B,Enzyme,JTT,0.9993715317814854
1HR6_B,Enzyme,gcpREV,0.9997038760474726
1HR6_B,Enzyme,mtVer,0.9995494643076989
1HR6_B,Enzyme,JC69,0.9996566839623187
1HV9_A,Enzyme,LG,0.9999323700907456
1HV9_A,Enzyme,WAG,0.9980376619156635
1HV9_A,Enzyme,JTT,0.999924507535976
1HV9_A,Enzyme,gcpREV,0.9998703592581694
1HV9_A,Enzyme,mtVer,0.999854474250238
1HV9_A,Enzyme,JC69,0.9990283602203845
1IVH_A,Enzyme,LG,0.9998303085676412
1IVH_A,Enzyme,WAG,0.9997644640651171
1IVH_A,Enzyme,JTT,0.9997741329726049
1IVH_A,Enzyme,gcpREV,0.9997783882462021
1IVH_A,Enzyme,mtVer,0.9989047910796522
1IVH_A,Enzyme,JC69,0.9997772355751032
1J79_A,Enzyme,LG,0.9998438221945561
1J79_A,Enzyme,WAG,0.9998553386982186
1J79_A,Enzyme,JTT,0.9998293586312283
1J79_A,Enzyme,gcpREV,0.9998136787885558
1J79_A,Enzyme,mtVer,0.9996833699396049
1J79_A,Enzyme,JC69,0.9998517316575377
1JOF_A,Enzyme,LG,0.9997894557112033
1JOF_A,Enzyme,WAG,0.9995984608772286
1JOF_A,Enzyme,JTT,0.9970544318761682
1JOF_A,Enzyme,gcpREV,0.999130570784616
1JOF_A,Enzyme,mtVer,0.9967922877675844
1JOF_A,Enzyme,JC69,0.9966832847495953
1K30_A,Enzyme,LG,0.9964894683033928
1K30_A,Enzyme,WAG,0.9965990396583798
1K30_A,Enzyme,JTT,0.995977021227939
1K30_A,Enzyme,gcpREV,0.9962474081002117
1K30_A,Enzyme,mtVer,0.9954292874690609
1K30_A,Enzyme,JC69,0.9974457985342334
1L1D_A,Enzyme,LG,0.9999001537333121
1L1D_A,Enzyme,WAG,0.9998262926007867
1L1D_A,Enzyme,JTT,0.9998196871989811
1L1D_A,Enzyme,gcpREV,0.9996323925408078
1L1D_A,Enzyme,mtVer,0.9995304645604779
1L1D_A,Enzyme,JC69,0.9996236157667451
1L7N_A,Enzyme,LG,0.9984685007241398
1L7N_A,Enzyme,WAG,0.9998025952913171
1L7N_A,Enzyme,JTT,0.9985786536125921
1L7N_A,Enzyme,gcpREV,0.9997429222164431
1L7N_A,Enzyme,mtVer,0.9995639033233018
1L7N_A,Enzyme,JC69,0.9983568945114806
1LJL_A,Enzyme,LG,0.9999063184236779
1LJL_A,Enzyme,WAG,0.9999083112911387
1LJL_A,Enzyme,JTT,0.9998963522985373
1LJL_A,Enzyme,gcpREV,0.9998664540562089
1LJL_A,Enzyme,mtVer,0.9995619833494886
1LJL_A,Enzyme,JC69,0.9997193403444491
1MBB_A,Enzyme,LG,0.9998593223196931
1MBB_A,Enzyme,WAG,0.9999133596831526
1MBB_A,Enzyme,JTT,0.9998175918183188
1MBB_A,Enzyme,gcpREV,0.9997870593439164
1MBB_A,Enzyme,mtVer,0.9996736438924261
1MBB_A,Enzyme,JC69,0.9996401419433062
1MHY_D,Enzyme,LG,0.9996581316517889
1MHY_D,Enzyme,WAG,0.9997026595383585
1MHY_D,Enzyme,JTT,0.9995925550113776
1MHY_D,Enzyme,gcpREV,0.9994508355136141
1MHY_D,Enzyme,mtVer,0.9993698803448148
1MHY_D,Enzyme,JC69,0.9998434959412779
1MQW_A,Enzyme,LG,0.9996986052406287
1MQW_A,Enzyme,WAG,0.999784510084988
1MQW_A,Enzyme,JTT,0.9997189804943516
1MQW_A,Enzyme,gcpREV,0.9996108378036074
1MQW_A,Enzyme,mtVer,0.9993040227561196
1MQW_A,Enzyme,JC69,0.9995326127599582
1NBA_A,Enzyme,LG,0.9995442916451148
1NBA_A,Enzyme,WAG,0.9994621771657589
1NBA_A,Enzyme,JTT,0.9992902669009827
1NBA_A,Enzyme,gcpREV,0.9992156747231011
1NBA_A,Enzyme,mtVer,0.9991803544206185
1NBA_A,Enzyme,JC69,0.996369774030814
1NIR_A,Enzyme,LG,0.9997304703057175
1NIR_A,Enzyme,WAG,0.9984767007142048
1NIR_A,Enzyme,JTT,0.9995148902176264
1NIR_A,Enzyme,gcpREV,0.9992376517342517
1NIR_A,Enzyme,mtVer,0.9995088247124786
1NIR_A,Enzyme,JC69,0.9997261103058651
1NU3_A,Enzyme,LG,0.9986494927018347
1NU3_A,Enzyme,WAG,0.9994706699539309
1NU3_A,Enzyme,JTT,0.9991727847557759
1NU3_A,Enzyme,gcpREV,0.9991038718011049
1NU3_A,Enzyme,mtVer,0.9925925397880005
1NU3_A,Enzyme,JC69,0.9992762820801893
1OAC_A,Enzyme,LG,0.9993363008553018
1OAC_A,Enzyme,WAG,0.9994145258890402
1OAC_A,Enzyme,JTT,0.9993953381509638
1OAC_A,Enzyme,gcpREV,0.9992338144045035
1OAC_A,Enzyme,mtVer,0.9992306390221086
1OAC_A,Enzyme,JC69,0.9983630316948839
1OH9_A,Enzyme,LG,0.9996036485812724
1OH9_A,Enzyme,WAG,0.9996507738517257
1OH9_A,Enzyme,JTT,0.9993728442896844
1OH9_A,Enzyme,gcpREV,0.9993092866875223
1OH9_A,Enzyme,mtVer,0.998904410966722
1OH9_A,Enzyme,JC69,0.9997885708671967
1OPM_A,Enzyme,LG,0.9971159340408926
1OPM_A,Enzyme,WAG,0.9990427177297087
1OPM_A,Enzyme,JTT,0.9986170676918342
1OPM_A,Enzyme,gcpREV,0.9985482917475791
1OPM_A,Enzyme,mtVer,0.9957568474180485
1OPM_A,Enzyme,JC69,0.9954216803838194
1OS7_A,Enzyme,LG,0.9992382435105143
1OS7_A,Enzyme,WAG,0.9994476631418605
1OS7_A,Enzyme,JTT,0.999251949609389
1OS7_A,Enzyme,gcpREV,0.9992261027940768
1OS7_A,Enzyme,mtVer,0.9983001179813539
1OS7_A,Enzyme,JC69,0.999543699809836
1PMA_B,Enzyme,LG,0.9988709432252005
1PMA_B,Enzyme,WAG,0.9991062297908092
1PMA_B,Enzyme,JTT,0.9989244038640073
1PMA_B,Enzyme,gcpREV,0.9990220488341683
1PMA_B,Enzyme,mtVer,0.9983606733965897
1PMA_B,Enzyme,JC69,0.9991750502315764
1POW_A,Enzyme,LG,0.9997359692492801
1POW_A,Enzyme,WAG,0.9997481001071823
1POW_A,Enzyme,JTT,0.999759734346534
1POW_A,Enzyme,gcpREV,0.9996975194619678
1POW_A,Enzyme,mtVer,0.9990987372466991
1POW_A,Enzyme,JC69,0.9998215973482049
1QAZ_A,Enzyme,LG,0.9976272360952083
1QAZ_A,Enzyme,WAG,0.9979024528658654
1QAZ_A,Enzyme,JTT,0.9981937216325386
1QAZ_A,Enzyme,gcpREV,0.9971906605144757
1QAZ_A,Enzyme,mtVer,0.9965152200586421
1QAZ_A,Enzyme,JC69,0.9983868320362596
1QFM_A,Enzyme,LG,0.999484499544352
1QFM_A,Enzyme,WAG,0.9996973271736027
1QFM_A,Enzyme,JTT,0.9995639005525088
1QFM_A,Enzyme,gcpREV,0.9998096179979408
1QFM_A,Enzyme,mtVer,0.9987417657613867
1QFM_A,Enzyme,JC69,0.9996682610632548
1QI9_A,Enzyme,LG,0.999240036443075
1QI9_A,Enzyme,WAG,0.9978979728398786
1QI9_A,Enzyme,JTT,0.9978123025576451
1QI9_A,Enzyme,gcpREV,0.9970473379755808
1QI9_A,Enzyme,mtVer,0.9969145559083569
1QI9_A,Enzyme,JC69,0.9981135555106422
1QJE_A,Enzyme,LG,0.9989513999099048
1QJE_A,Enzyme,WAG,0.9990399014729314
1QJE_A,Enzyme,JTT,0.9995433149797515
1QJE_A,Enzyme,gcpREV,0.9992668580646986
1QJE_A,Enzyme,mtVer,0.9933743483104124
1QJE_A,Enzyme,JC69,0.9995966548346338
1QRG_A,Enzyme,LG,0.9989281869367598
1QRG_A,Enzyme,WAG,0.9993397271013199
1QRG_A,Enzyme,JTT,0.9987211829483408
1QRG_A,Enzyme,gcpREV,0.9987517606574452
1QRG_A,Enzyme,mtVer,0.9986396997644299
1QRG_A,Enzyme,JC69,0.9975863918353575
1REQ_A,Enzyme,LG,0.9996803247097278
1REQ_A,Enzyme,WAG,0.9998605881108986
1REQ_A,Enzyme,JTT,0.9997570553275127
1REQ_A,Enzyme,gcpREV,0.9998383769399888
1REQ_A,Enzyme,mtVer,0.9991237649743587
1REQ_A,Enzyme,JC69,0.9996626318415479
1S3I_A,Enzyme,LG,0.9997497244071435
1S3I_A,Enzyme,WAG,0.999873977869429
1S3I_A,Enzyme,JTT,0.9998001832441914
1S3I_A,Enzyme,gcpREV,0.9997181746150785
1S3I_A,Enzyme,mtVer,0.9997656467904104
1S3I_A,Enzyme,JC69,0.9998582581407515
1S95_A,Enzyme,LG,0.9987761181223098
1S95_A,Enzyme,WAG,0.997667639563524
1S95_A,Enzyme,JTT,0.9972699942829417
1S95_A,Enzyme,gcpREV,0.9973632041559521
1S95_A,Enzyme,mtVer,0.9977208802528135
1S95_A,Enzyme,JC69,0.9980542963636458
1SML_A,Enzyme,LG,0.9990960765555416
1SML_A,Enzyme,WAG,0.9991479393568568
1SML_A,Enzyme,JTT,0.999029516214581
1SML_A,Enzyme,gcpREV,0.9992175895934816
1SML_A,Enzyme,mtVer,0.989885925466308
1SML_A,Enzyme,JC69,0.9996552260451212
1SMN_A,Enzyme,LG,0.998750995226684
1SMN_A,Enzyme,WAG,0.9988625508296893
1SMN_A,Enzyme,JTT,0.9987622030657761
1SMN_A,Enzyme,gcpREV,0.9987073860160075
1SMN_A,Enzyme,mtVer,0.9986877024342403
1SMN_A,Enzyme,JC69,0.9991188956116346
1STC_E,Enzyme,LG,0.9980826738475974
1STC_E,Enzyme,WAG,0.9978830651967541
1STC_E,Enzyme,JTT,0.9980601432823342
1STC_E,Enzyme,gcpREV,0.997718594404236
1STC_E,Enzyme,mtVer,0.9979573060676149
1STC_E,Enzyme,JC69,0.9981112559290561
1TAH_B,Enzyme,LG,0.9990053356970917
1TAH_B,Enzyme,WAG,0.9991032917465212
1TAH_B,Enzyme,JTT,0.9989922491987459
1TAH_B,Enzyme,gcpREV,0.9990156791253672
1TAH_B,Enzyme,mtVer,0.9986800042526919
1TAH_B,Enzyme,JC69,0.9993725637152948
1TLP_E,Enzyme,LG,0.9978151901707711
1TLP_E,Enzyme,WAG,0.9993099366568968
1TLP_E,Enzyme,JTT,0.9989838480751783
1TLP_E,Enzyme,gcpREV,0.9989432830892906
1TLP_E,Enzyme,mtVer,0.9982699265403916
1TLP_E,Enzyme,JC69,0.9994721396408586
1TRK_B,Enzyme,LG,0.9997266310403359
1TRK_B,Enzyme,WAG,0.9997829898714174
1TRK_B,Enzyme,JTT,0.9997091701531657
1TRK_B,Enzyme,gcpREV,0.9997332027227385
1TRK_B,Enzyme,mtVer,0.9996110201267191
1TRK_B,Enzyme,JC69,0.9997808017345177
1TYF_A,Enzyme,LG,0.9998135921753275
1TYF_A,Enzyme,WAG,0.9998046802474546
1TYF_A,Enzyme,JTT,0.9998707770458446
1TYF_A,Enzyme,gcpREV,0.9998239894245124
1TYF_A,Enzyme,mtVer,0.9998388426376337
1TYF_A,Enzyme,JC69,0.9998887864636666
1UAQ_A,Enzyme,LG,0.9998109539025648
1UAQ_A,Enzyme,WAG,0.9997239424925174
1UAQ_A,Enzyme,JTT,0.9973426278936575
1UAQ_A,Enzyme,gcpREV,0.9968339536864058
1UAQ_A,Enzyme,mtVer,0.9995423257390013
1UAQ_A,Enzyme,JC69,0.9993992991058271
1UQT_A,Enzyme,LG,0.9982310616393197
1UQT_A,Enzyme,WAG,0.9979358576938353
1UQT_A,Enzyme,JTT,0.9990049980865799
1UQT_A,Enzyme,gcpREV,0.9947771375281774
1UQT_A,Enzyme,mtVer,0.9971974451650973
1UQT_A,Enzyme,JC69,0.9997689269046388
1W0H_A,Enzyme,LG,0.9973434815125515
1W0H_A,Enzyme,WAG,0.9974587340311966
1W0H_A,Enzyme,JTT,0.9967031383023666
1W0H_A,Enzyme,gcpREV,0.9964946395122322
1W0H_A,Enzyme,mtVer,0.9934479035363613
1W0H_A,Enzyme,JC69,0.9877528349698816
1WGI_A,Enzyme,LG,0.9996227424841431
1WGI_A,Enzyme,WAG,0.999694117999244
1WGI_A,Enzyme,JTT,0.9997355630111479
1WGI_A,Enzyme,gcpREV,0.9991020886686227
1WGI_A,Enzyme,mtVer,0.9997202827062222
1WGI_A,Enzyme,JC69,0.9996574671840356
1YCF_A,Enzyme,LG,0.9994635293514093
1YCF_A,Enzyme,WAG,0.9996118546190963
1YCF_A,Enzyme,JTT,0.9994585977231156
1YCF_A,Enzyme,gcpREV,0.9995137693124342
1YCF_A,Enzyme,mtVer,0.9994026517400405
1YCF_A,Enzyme,JC69,0.9993462682231629
1YON_A,Enzyme,LG,0.998607353775404
1YON_A,Enzyme,WAG,0.9989506585921263
1YON_A,Enzyme,JTT,0.9986430620632265
1YON_A,Enzyme,gcpREV,0.9982497556192478
1YON_A,Enzyme,mtVer,0.9984788389208805
1YON_A,Enzyme,JC69,0.9985314431106496
1YVE_I,Enzyme,LG,0.9970923493039466
1YVE_I,Enzyme,WAG,0.9971799571864974
1YVE_I,Enzyme,JTT,0.9971550195957302
1YVE_I,Enzyme,gcpREV,0.9963938126549706
1YVE_I,Enzyme,mtVer,0.9946031996357064
1YVE_I,Enzyme,JC69,0.9924605409907469
1ZE1_A,Enzyme,LG,0.9992678419116112
1ZE1_A,Enzyme,WAG,0.9968933518814025
1ZE1_A,Enzyme,JTT,0.9992252075226264
1ZE1_A,Enzyme,gcpREV,0.998006103639866
1ZE1_A,Enzyme,mtVer,0.9990130680811374
1ZE1_A,Enzyme,JC69,0.99718682241549
206L_A,Enzyme,LG,0.9970420025485057
206L_A,Enzyme,WAG,0.996965313041627
206L_A,Enzyme,JTT,0.9979434229209962
206L_A,Enzyme,gcpREV,0.9982741277824133
206L_A,Enzyme,mtVer,0.9977276606770705
206L_A,Enzyme,JC69,0.9977523766188494
2DOR_A,Enzyme,LG,0.9970767209912511
2DOR_A,Enzyme,WAG,0.9968276188099976
2DOR_A,Enzyme,JTT,0.9931922341717667
2DOR_A,Enzyme,gcpREV,0.9957949910977645
2DOR_A,Enzyme,mtVer,0.9981398218379086
2DOR_A,Enzyme,JC69,0.9953012203940914
2JCW_A,Enzyme,LG,0.999697083534061
2JCW_A,Enzyme,WAG,0.9997862368930003
2JCW_A,Enzyme,JTT,0.9996175681372411
2JCW_A,Enzyme,gcpREV,0.9991420813952205
2JCW_A,Enzyme,mtVer,0.9996921449631638
2JCW_A,Enzyme,JC69,0.9985120958613232
3CSM_A,Enzyme,LG,0.9986178871436446
3CSM_A,Enzyme,WAG,0.9981235627707244
3CSM_A,Enzyme,JTT,0.9988753579482765
3CSM_A,Enzyme,gcpREV,0.9980777820381971
3CSM_A,Enzyme,mtVer,0.9971049026737442
3CSM_A,Enzyme,JC69,0.9895638165828642
3ECA_A,Enzyme,LG,0.9996550299191949
3ECA_A,Enzyme,WAG,0.9996888459996285
3ECA_A,Enzyme,JTT,0.9996462095493377
3ECA_A,Enzyme,gcpREV,0.9996329647054015
3ECA_A,Enzyme,mtVer,0.9995403649663839
3ECA_A,Enzyme,JC69,0.9993120604173538
3PVA_A,Enzyme,LG,0.9996445457498755
3PVA_A,Enzyme,WAG,0.9991775076630458
3PVA_A,Enzyme,JTT,0.9996653949459835
3PVA_A,Enzyme,gcpREV,0.9993232828988124
3PVA_A,Enzyme,mtVer,0.9991135088139023
3PVA_A,Enzyme,JC69,0.9995978341332452
7ATJ_A,Enzyme,LG,0.9998023219162573
7ATJ_A,Enzyme,WAG,0.9998401356441037
7ATJ_A,Enzyme,JTT,0.9998690636927171
7ATJ_A,Enzyme,gcpREV,0.9996345673729606
7ATJ_A,Enzyme,mtVer,0.9995605189815348
7ATJ_A,Enzyme,JC69,0.9997709097714697
Acute_bee_paralysis_virus_C_AA,Virus,LG,1
Acute_bee_paralysis_virus_C_AA,Virus,WAG,1
Acute_bee_paralysis_virus_C_AA,Virus,JTT,1
Acute_bee_paralysis_virus_C_AA,Virus,gcpREV,1
Acute_bee_paralysis_virus_C_AA,Virus,mtVer,0.9999998495374142
Acute_bee_paralysis_virus_C_AA,Virus,JC69,1
African_horsesickness_virus_VP2_AA,Virus,LG,1
African_horsesickness_virus_VP2_AA,Virus,WAG,1
African_horsesickness_virus_VP2_AA,Virus,JTT,1
African_horsesickness_virus_VP2_AA,Virus,gcpREV,1
African_horsesickness_virus_VP2_AA,Virus,mtVer,1
African_horsesickness_virus_VP2_AA,Virus,JC69,1
Alfafa_mosaic_CP_AA,Virus,LG,0.9999918157513518
Alfafa_mosaic_CP_AA,Virus,WAG,1
Alfafa_mosaic_CP_AA,Virus,JTT,1
Alfafa_mosaic_CP_AA,Virus,gcpREV,0.9999924453135135
Alfafa_mosaic_CP_AA,Virus,mtVer,1
Alfafa_mosaic_CP_AA,Virus,JC69,0.9999993704425947
Apple_mosaic_CP_AA,Virus,LG,0.9999933133949688
Apple_mosaic_CP_AA,Virus,WAG,0.9999937910122697
Apple_mosaic_CP_AA,Virus,JTT,0.999978507349884
Apple_mosaic_CP_AA,Virus,gcpREV,0.9999947462361504
Apple_mosaic_CP_AA,Virus,mtVer,0.9999866268017996
Apple_mosaic_CP_AA,Virus,JC69,0.9999828057348474
ATP6,Mitochondria,LG,0.998656761401719
ATP6,Mitochondria,WAG,0.9988380995876259
ATP6,Mitochondria,JTT,0.9987969629400778
ATP6,Mitochondria,gcpREV,0.9988009504246844
ATP6,Mitochondria,mtVer,0.9985516119168076
ATP6,Mitochondria,JC69,0.9999231830913012
ATP8,Mitochondria,LG,0.9986390726922896
ATP8,Mitochondria,WAG,0.9978588733739273
ATP8,Mitochondria,JTT,0.9974658594959875
ATP8,Mitochondria,gcpREV,0.9977239663991739
ATP8,Mitochondria,mtVer,0.998287108733399
ATP8,Mitochondria,JC69,0.9992078772519708
atpA,Chloroplast,LG,0.9999924734531461
atpA,Chloroplast,WAG,0.9999929662636927
atpA,Chloroplast,JTT,0.9999940862843533
atpA,Chloroplast,gcpREV,0.9999951391044266
atpA,Chloroplast,mtVer,0.9999952959082101
atpA,Chloroplast,JC69,0.9999939518701937
atpB,Chloroplast,LG,0.9999944457611278
atpB,Chloroplast,WAG,0.9999936398515403
atpB,Chloroplast,JTT,0.9999939012272624
atpB,Chloroplast,gcpREV,0.9999921805025799
atpB,Chloroplast,mtVer,0.9999897409897832
atpB,Chloroplast,JC69,0.999997451584628
atpE,Chloroplast,LG,0.9999266781842979
atpE,Chloroplast,WAG,0.9999176160049034
atpE,Chloroplast,JTT,0.9999662225345225
atpE,Chloroplast,gcpREV,0.9999472742431381
atpE,Chloroplast,mtVer,0.9999176160049034
atpE,Chloroplast,JC69,0.9999406831325897
atpF,Chloroplast,LG,0.9998770376756715
atpF,Chloroplast,WAG,0.9997076968503131
atpF,Chloroplast,JTT,0.999912753625316
atpF,Chloroplast,gcpREV,0.9999028030567976
atpF,Chloroplast,mtVer,0.9998665541055223
atpF,Chloroplast,JC69,0.999844161263542
atpH,Chloroplast,LG,1
atpH,Chloroplast,WAG,1
atpH,Chloroplast,JTT,1
atpH,Chloroplast,gcpREV,1
atpH,Chloroplast,mtVer,0.9999811922248658
atpH,Chloroplast,JC69,1
atpI,Chloroplast,LG,0.9999865758375783
atpI,Chloroplast,WAG,0.9999869593900063
atpI,Chloroplast,JTT,0.9999883017990293
atpI,Chloroplast,gcpREV,0.999982932126455
atpI,Chloroplast,mtVer,0.9999702750630786
atpI,Chloroplast,JC69,0.9999917537244684
Australian_bat_lyssavirus_G_AA,Virus,LG,1
Australian_bat_lyssavirus_G_AA,Virus,WAG,1
Australian_bat_lyssavirus_G_AA,Virus,JTT,1
Australian_bat_lyssavirus_G_AA,Virus,gcpREV,1
Australian_bat_lyssavirus_G_AA,Virus,mtVer,1
Australian_bat_lyssavirus_G_AA,Virus,JC69,0.9999995769816243
Avian_infectious_bronchitis_virus_NP_AA,Virus,LG,0.9999973116243303
Avian_infectious_bronchitis_virus_NP_AA,Virus,WAG,0.999997035892673
Avian_infectious_bronchitis_virus_NP_AA,Virus,JTT,0.9999986213454097
Avian_infectious_bronchitis_virus_NP_AA,Virus,gcpREV,0.9999977941531366
Avian_infectious_bronchitis_virus_NP_AA,Virus,mtVer,0.9999974494900831
Avian_infectious_bronchitis_virus_NP_AA,Virus,JC69,0.9999867648520199
Avian_influenza_serotype_H5N1_MP_AA,Virus,LG,1
Avian_influenza_serotype_H5N1_MP_AA,Virus,WAG,1
Avian_influenza_serotype_H5N1_MP_AA,Virus,JTT,1
Avian_influenza_serotype_H5N1_MP_AA,Virus,gcpREV,1
Avian_influenza_serotype_H5N1_MP_AA,Virus,mtVer,0.9999914934792202
Avian_influenza_serotype_H5N1_MP_AA,Virus,JC69,0.9999829869041696
Barley_mild_mosaic_virus_CP_AA,Virus,LG,0.9999945056622205
Barley_mild_mosaic_virus_CP_AA,Virus,WAG,1
Barley_mild_mosaic_virus_CP_AA,Virus,JTT,0.9999977106951422
Barley_mild_mosaic_virus_CP_AA,Virus,gcpREV,1
Barley_mild_mosaic_virus_CP_AA,Virus,mtVer,0.9999981685568686
Barley_mild_mosaic_virus_CP_AA,Virus,JC69,0.9999880955756221
Barley_yellow_mosaic_virus_CP_AA,Virus,LG,0.9999999999999998
Barley_yellow_mosaic_virus_CP_AA,Virus,WAG,0.9999999999999998
Barley_yellow_mosaic_virus_CP_AA,Virus,JTT,0.9999999999999998
Barley_yellow_mosaic_virus_CP_AA,Virus,gcpREV,0.9999999999999998
Barley_yellow_mosaic_virus_CP_AA,Virus,mtVer,0.9999999999999998
Barley_yellow_mosaic_virus_CP_AA,Virus,JC69,0.9999972473667623
Bean_yellow_mosaic_virus_CP_AA,Virus,LG,0.9999945522174154
Bean_yellow_mosaic_virus_CP_AA,Virus,WAG,0.9999953903379007
Bean_yellow_mosaic_virus_CP_AA,Virus,JTT,0.999991409267746
Bean_yellow_mosaic_virus_CP_AA,Virus,gcpREV,0.9999972761035929
Bean_yellow_mosaic_virus_CP_AA,Virus,mtVer,0.9999947617486341
Bean_yellow_mosaic_virus_CP_AA,Virus,JC69,0.9999853328255178
Beet_necrotic_yellow_vein_virus_CP_AA,Virus,LG,1
Beet_necrotic_yellow_vein_virus_CP_AA,Virus,WAG,1
Beet_necrotic_yellow_vein_virus_CP_AA,Virus,JTT,1
Beet_necrotic_yellow_vein_virus_CP_AA,Virus,gcpREV,1
Beet_necrotic_yellow_vein_virus_CP_AA,Virus,mtVer,1
Beet_necrotic_yellow_vein_virus_CP_AA,Virus,JC69,0.9999974850834009
Bluetongue_virus_VP7_AA,Virus,LG,0.9999993352745534
Bluetongue_virus_VP7_AA,Virus,WAG,0.9999935189114147
Bluetongue_virus_VP7_AA,Virus,JTT,0.999999501455749
Bluetongue_virus_VP7_AA,Virus,gcpREV,0.9999985043675099
Bluetongue_virus_VP7_AA,Virus,mtVer,0.9999991690926251
Bluetongue_virus_VP7_AA,Virus,JC69,0.9999993352745534
Bovine_leukemia_virus_E_AA,Virus,LG,0.9999986439247421
Bovine_leukemia_virus_E_AA,Virus,WAG,0.9999970166344327
Bovine_leukemia_virus_E_AA,Virus,JTT,0.9999967454193811
Bovine_leukemia_virus_E_AA,Virus,gcpREV,0.9999989151397936
Bovine_leukemia_virus_E_AA,Virus,mtVer,0.9999982371019259
Bovine_leukemia_virus_E_AA,Virus,JC69,0.9999990507470714
Bovine_rotavirus_VP7_AA,Virus,LG,0.9999830653105293
Bovine_rotavirus_VP7_AA,Virus,WAG,0.9999924734656913
Bovine_rotavirus_VP7_AA,Virus,JTT,0.9999922853037847
Bovine_rotavirus_VP7_AA,Virus,gcpREV,0.9999878634622614
Bovine_rotavirus_VP7_AA,Virus,mtVer,0.9999570046686201
Bovine_rotavirus_VP7_AA,Virus,JC69,0.9999634019660218
Bovine_viral_diarrhea_virus_G2_AA,Virus,LG,0.9999463084261383
Bovine_viral_diarrhea_virus_G2_AA,Virus,WAG,0.9999496467903553
Bovine_viral_diarrhea_virus_G2_AA,Virus,JTT,0.999967451240188
Bovine_viral_diarrhea_virus_G2_AA,Virus,gcpREV,0.9999426918475415
Bovine_viral_diarrhea_virus_G2_AA,Virus,mtVer,0.9999310077185501
Bovine_viral_diarrhea_virus_G2_AA,Virus,JC69,0.9998400373901406
Canine_coronavirus_S_AA,Virus,LG,0.9999975670909068
Canine_coronavirus_S_AA,Virus,WAG,0.9999986366305096
Canine_coronavirus_S_AA,Virus,JTT,0.9999990479920076
Canine_coronavirus_S_AA,Virus,gcpREV,0.9999964270322663
Canine_coronavirus_S_AA,Virus,mtVer,0.9999916317315184
Canine_coronavirus_S_AA,Virus,JC69,0.9999963917664897
Carnation_mottle_virus_CP_AA,Virus,LG,0.9999955708676985
Carnation_mottle_virus_CP_AA,Virus,WAG,0.9999999999999999
Carnation_mottle_virus_CP_AA,Virus,JTT,0.9999999999999999
Carnation_mottle_virus_CP_AA,Virus,gcpREV,0.9999988927165118
Carnation_mottle_virus_CP_AA,Virus,mtVer,0.999999367266814
Carnation_mottle_virus_CP_AA,Virus,JC69,0.9999979436142309
ccsA,Chloroplast,LG,0.9997089489927271
ccsA,Chloroplast,WAG,0.9996666694281152
ccsA,Chloroplast,JTT,0.9996843910122024
ccsA,Chloroplast,gcpREV,0.9997654649183454
ccsA,Chloroplast,mtVer,0.9997944466603115
ccsA,Chloroplast,JC69,0.999893777686195
Cherry_green_ring_mottle_virus_CP_AA,Virus,LG,0.9999980864045744
Cherry_green_ring_mottle_virus_CP_AA,Virus,WAG,0.9999961728091485
Cherry_green_ring_mottle_virus_CP_AA,Virus,JTT,1
Cherry_green_ring_mottle_virus_CP_AA,Virus,gcpREV,1
Cherry_green_ring_mottle_virus_CP_AA,Virus,mtVer,1
Cherry_green_ring_mottle_virus_CP_AA,Virus,JC69,0.9999995216005715
Chikungunga_virus_E1_AA,Virus,LG,0.9999999999999999
Chikungunga_virus_E1_AA,Virus,WAG,0.9999997797316802
Chikungunga_virus_E1_AA,Virus,JTT,0.9999999999999999
Chikungunga_virus_E1_AA,Virus,gcpREV,0.9999999999999999
Chikungunga_virus_E1_AA,Virus,mtVer,0.9999999999999999
Chikungunga_virus_E1_AA,Virus,JC69,0.9999973567781242
Citrus_tristeza_virus_CP_AA,Virus,LG,0.9999978714890212
Citrus_tristeza_virus_CP_AA,Virus,WAG,0.999997339360002
Citrus_tristeza_virus_CP_AA,Virus,JTT,1
Citrus_tristeza_virus_CP_AA,Virus,gcpREV,0.9999941465918348
Citrus_tristeza_virus_CP_AA,Virus,mtVer,1
Citrus_tristeza_virus_CP_AA,Virus,JC69,0.9999914859311663
Citrus_variegation_virus_CP_AA,Virus,LG,1
Citrus_variegation_virus_CP_AA,Virus,WAG,1
Citrus_variegation_virus_CP_AA,Virus,JTT,1
Citrus_variegation_virus_CP_AA,Virus,gcpREV,1
Citrus_variegation_virus_CP_AA,Virus,mtVer,1
Citrus_variegation_virus_CP_AA,Virus,JC69,0.9999814362322978
Classical_swine_fever_virus_E2_AA,Virus,LG,0.9999952427266074
Classical_swine_fever_virus_E2_AA,Virus,WAG,0.9999984142431538
Classical_swine_fever_virus_E2_AA,Virus,JTT,0.9999981763792571
Classical_swine_fever_virus_E2_AA,Virus,gcpREV,0.9999996828485906
Classical_swine_fever_virus_E2_AA,Virus,mtVer,0.9999984142429025
Classical_swine_fever_virus_E2_AA,Virus,JC69,0.9999965113293913
Clover_yellow_vein_virus_CP_AA,Virus,LG,0.9999954920366829
Clover_yellow_vein_virus_CP_AA,Virus,WAG,0.9999958676931657
Clover_yellow_vein_virus_CP_AA,Virus,JTT,0.9999939893743408
Clover_yellow_vein_virus_CP_AA,Virus,gcpREV,0.999998497345561
Clover_yellow_vein_virus_CP_AA,Virus,mtVer,0.9999969946911218
Clover_yellow_vein_virus_CP_AA,Virus,JC69,0.999998497343303
COX1,Mitochondria,LG,0.999986307927588
COX1,Mitochondria,WAG,0.9999885758093083
COX1,Mitochondria,JTT,0.9999855025115628
COX1,Mitochondria,gcpREV,0.9999840612414581
COX1,Mitochondria,mtVer,0.9999791227692868
COX1,Mitochondria,JC69,0.999929886409625
COX2,Mitochondria,LG,0.9999486253630581
COX2,Mitochondria,WAG,0.9999716257296164
COX2,Mitochondria,JTT,0.999963887292239
COX2,Mitochondria,gcpREV,0.9999458309383585
COX2,Mitochondria,mtVer,0.9999157370152244
COX2,Mitochondria,JC69,0.9999335783982566
COX3,Mitochondria,LG,0.9999851380723741
COX3,Mitochondria,WAG,0.999969431711894
COX3,Mitochondria,JTT,0.9999831114458795
COX3,Mitochondria,gcpREV,0.9999513609641336
COX3,Mitochondria,mtVer,0.9999795648460774
COX3,Mitochondria,JC69,0.9999788893037985
Coxsackievirus_B4_VP1_AA,Virus,LG,0.9999996257257411
Coxsackievirus_B4_VP1_AA,Virus,WAG,0.9999996257257411
Coxsackievirus_B4_VP1_AA,Virus,JTT,0.9999985029021243
Coxsackievirus_B4_VP1_AA,Virus,gcpREV,0.9999996257257411
Coxsackievirus_B4_VP1_AA,Virus,mtVer,0.999997380079768
Coxsackievirus_B4_VP1_AA,Virus,JC69,0.9999977543517854
Cucumber_mosaic_virus_CP_AA,Virus,LG,0.9999951317163429
Cucumber_mosaic_virus_CP_AA,Virus,WAG,0.999998229714464
Cucumber_mosaic_virus_CP_AA,Virus,JTT,0.9999969020057963
Cucumber_mosaic_virus_CP_AA,Virus,gcpREV,0.9999929188629485
Cucumber_mosaic_virus_CP_AA,Virus,mtVer,0.9999964594316703
Cucumber_mosaic_virus_CP_AA,Virus,JC69,0.9999898207621912
Curcurbit_yellow_stunting_disease_virus_CP_AA,Virus,LG,1
Curcurbit_yellow_stunting_disease_virus_CP_AA,Virus,WAG,1
Curcurbit_yellow_stunting_disease_virus_CP_AA,Virus,JTT,1
Curcurbit_yellow_stunting_disease_virus_CP_AA,Virus,gcpREV,1
Curcurbit_yellow_stunting_disease_virus_CP_AA,Virus,mtVer,1
Curcurbit_yellow_stunting_disease_virus_CP_AA,Virus,JC69,1
CYTB,Mitochondria,LG,0.9999652179910389
CYTB,Mitochondria,WAG,0.9999674476086119
CYTB,Mitochondria,JTT,0.9999823117142692
CYTB,Mitochondria,gcpREV,0.9999719068403092
CYTB,Mitochondria,mtVer,0.9999710149939697
CYTB,Mitochondria,JC69,0.9999287513833529
Dengue_virus_serotype_3_E_AA,Virus,LG,0.9999990483980759
Dengue_virus_serotype_3_E_AA,Virus,WAG,0.9999965334490346
Dengue_virus_serotype_3_E_AA,Virus,JTT,0.9999991843413109
Dengue_virus_serotype_3_E_AA,Virus,gcpREV,0.9999980288247027
Dengue_virus_serotype_3_E_AA,Virus,mtVer,0.9999964654790134
Dengue_virus_serotype_3_E_AA,Virus,JC69,0.9999992523127366
Dicentrarchus_labrax_encephalitis_virus_CP_AA,Virus,LG,0.9999527997072115
Dicentrarchus_labrax_encephalitis_virus_CP_AA,Virus,WAG,0.9999476506741728
Dicentrarchus_labrax_encephalitis_virus_CP_AA,Virus,JTT,0.9999339195899488
Dicentrarchus_labrax_encephalitis_virus_CP_AA,Virus,gcpREV,0.9999373524460687
Dicentrarchus_labrax_encephalitis_virus_CP_AA,Virus,mtVer,0.9999116068758086
Dicentrarchus_labrax_encephalitis_virus_CP_AA,Virus,JC69,0.9999219040345249
Duck_Hepatitis_B_virus_C_AA,Virus,LG,0.9999979918670616
Duck_Hepatitis_B_virus_C_AA,Virus,WAG,1
Duck_Hepatitis_B_virus_C_AA,Virus,JTT,1
Duck_Hepatitis_B_virus_C_AA,Virus,gcpREV,0.9999969877975681
Duck_Hepatitis_B_virus_C_AA,Virus,mtVer,0.9999994979666396
Duck_Hepatitis_B_virus_C_AA,Virus,JC69,0.9999979918670616
Eastern_equine_encephalitis_virus_C_AA,Virus,LG,1
Eastern_equine_encephalitis_virus_C_AA,Virus,WAG,1
Eastern_equine_encephalitis_virus_C_AA,Virus,JTT,1
Eastern_equine_encephalitis_virus_C_AA,Virus,gcpREV,1
Eastern_equine_encephalitis_virus_C_AA,Virus,mtVer,0.9999976609144655
Eastern_equine_encephalitis_virus_C_AA,Virus,JC69,0.9999970761415432
Echovirus_11_VP1_AA,Virus,LG,0.9999927133783949
Echovirus_11_VP1_AA,Virus,WAG,0.9999875930496854
Echovirus_11_VP1_AA,Virus,JTT,0.9999907440248443
Echovirus_11_VP1_AA,Virus,gcpREV,0.9999942888664006
Echovirus_11_VP1_AA,Virus,mtVer,0.9999972429016323
Echovirus_11_VP1_AA,Virus,JC69,0.9999885777218257
Echovirus_13_VP1_AA,Virus,LG,1
Echovirus_13_VP1_AA,Virus,WAG,1
Echovirus_13_VP1_AA,Virus,JTT,1
Echovirus_13_VP1_AA,Virus,gcpREV,1
Echovirus_13_VP1_AA,Virus,mtVer,1
Echovirus_13_VP1_AA,Virus,JC69,1
Echovirus_30_VP1_AA,Virus,LG,0.9999954597910842
Echovirus_30_VP1_AA,Virus,WAG,0.9999991745078107
Echovirus_30_VP1_AA,Virus,JTT,0.9999977298943283
Echovirus_30_VP1_AA,Virus,gcpREV,0.9999983490143435
Echovirus_30_VP1_AA,Virus,mtVer,0.9999973171487446
Echovirus_30_VP1_AA,Virus,JC69,0.9999948406727728
Enterovirus_70_VP1_AA,Virus,LG,1
Enterovirus_70_VP1_AA,Virus,WAG,1
Enterovirus_70_VP1_AA,Virus,JTT,0.9999995814518723
Enterovirus_70_VP1_AA,Virus,gcpREV,1
Enterovirus_70_VP1_AA,Virus,mtVer,0.9999979072590113
Enterovirus_70_VP1_AA,Virus,JC69,1
Enterovirus_71_VP1_AA,Virus,LG,0.9999985453375847
Enterovirus_71_VP1_AA,Virus,WAG,0.9999997575563326
Enterovirus_71_VP1_AA,Virus,JTT,0.9999997575563326
Enterovirus_71_VP1_AA,Virus,gcpREV,0.9999961209017932
Enterovirus_71_VP1_AA,Virus,mtVer,0.9999987877815458
Enterovirus_71_VP1_AA,Virus,JC69,0.9999893324799316
Equine_arterivirus_GP_AA,Virus,LG,0.9999957752631916
Equine_arterivirus_GP_AA,Virus,WAG,0.9999985917552168
Equine_arterivirus_GP_AA,Virus,JTT,0.9999963385635003
Equine_arterivirus_GP_AA,Virus,gcpREV,0.9999977468076489
Equine_arterivirus_GP_AA,Virus,mtVer,0.999996620211632
Equine_arterivirus_GP_AA,Virus,JC69,0.9999966202133772
Equine_influenza_serotype_H3N8_HA_AA,Virus,LG,0.9999907887635879
Equine_influenza_serotype_H3N8_HA_AA,Virus,WAG,0.9999946048407824
Equine_influenza_serotype_H3N8_HA_AA,Virus,JTT,0.9999976313944456
Equine_influenza_serotype_H3N8_HA_AA,Virus,gcpREV,0.9999932889550412
Equine_influenza_serotype_H3N8_HA_AA,Virus,mtVer,0.9999903939949825
Equine_influenza_serotype_H3N8_HA_AA,Virus,JC69,0.9999921046337449
Equine_rotavirus_VP7_AA,Virus,LG,0.9999999999999998
Equine_rotavirus_VP7_AA,Virus,WAG,0.9999987177341848
Equine_rotavirus_VP7_AA,Virus,JTT,0.9999999999999998
Equine_rotavirus_VP7_AA,Virus,gcpREV,0.9999923063705813
Equine_rotavirus_VP7_AA,Virus,mtVer,0.9999987177341848
Equine_rotavirus_VP7_AA,Virus,JC69,0.9999948709268746
Feline_calicivirus_C_AA,Virus,LG,0.9999972572647917
Feline_calicivirus_C_AA,Virus,WAG,0.9999968859764597
Feline_calicivirus_C_AA,Virus,JTT,0.9999953768731165
Feline_calicivirus_C_AA,Virus,gcpREV,0.9999969219089638
Feline_calicivirus_C_AA,Virus,mtVer,0.9999947660470334
Feline_calicivirus_C_AA,Virus,JC69,0.9999928018005024
Feline_immunodeficiency_virus_Gag_AA,Virus,LG,0.9999948041210802
Feline_immunodeficiency_virus_Gag_AA,Virus,WAG,1
Feline_immunodeficiency_virus_Gag_AA,Virus,JTT,0.9999916866015035
Feline_immunodeficiency_virus_Gag_AA,Virus,gcpREV,1
Feline_immunodeficiency_virus_Gag_AA,Virus,mtVer,0.9999823340103768
Feline_immunodeficiency_virus_Gag_AA,Virus,JC69,0.9999968824642251
Garlic_latent_virus_CP_AA,Virus,LG,0.9999942802920502
Garlic_latent_virus_CP_AA,Virus,WAG,0.9999952028234195
Garlic_latent_virus_CP_AA,Virus,JTT,0.9999990774667922
Garlic_latent_virus_CP_AA,Virus,gcpREV,0.9999929887461996
Garlic_latent_virus_CP_AA,Virus,mtVer,0.9999961253604737
Garlic_latent_virus_CP_AA,Virus,JC69,0.9999905901022321
Hepatitis_A_virus_VP1_AA,Virus,LG,0.9999989182468678
Hepatitis_A_virus_VP1_AA,Virus,WAG,0.9999972956148773
Hepatitis_A_virus_VP1_AA,Virus,JTT,0.9999958532767174
Hepatitis_A_virus_VP1_AA,Virus,gcpREV,0.9999989182464774
Hepatitis_A_virus_VP1_AA,Virus,mtVer,0.9999971153221198
Hepatitis_A_virus_VP1_AA,Virus,JC69,0.9999983773659293
Hepatitis_B_virus_C_AA,Virus,LG,0.9999993746629043
Hepatitis_B_virus_C_AA,Virus,WAG,0.9999981239859754
Hepatitis_B_virus_C_AA,Virus,JTT,0.9999987493246353
Hepatitis_B_virus_C_AA,Virus,gcpREV,0.9999987493230711
Hepatitis_B_virus_C_AA,Virus,mtVer,0.9999993746629043
Hepatitis_B_virus_C_AA,Virus,JC69,0.9999962479699955
Hepatitis_C_virus_1b_C_AA,Virus,LG,0.9999874368479045
Hepatitis_C_virus_1b_C_AA,Virus,WAG,0.999996410530069
Hepatitis_C_virus_1b_C_AA,Virus,JTT,0.9999904280687314
Hepatitis_C_virus_1b_C_AA,Virus,gcpREV,0.9999994017555482
Hepatitis_C_virus_1b_C_AA,Virus,mtVer,0.9999946157920613
Hepatitis_C_virus_1b_C_AA,Virus,JC69,0.9999838473178465
Hepatitis_E_virus_ORF2_AA,Virus,LG,0.9999951425457954
Hepatitis_E_virus_ORF2_AA,Virus,WAG,0.9999983315697605
Hepatitis_E_virus_ORF2_AA,Virus,JTT,0.9999957550069659
Hepatitis_E_virus_ORF2_AA,Virus,gcpREV,0.9999985850024412
Hepatitis_E_virus_ORF2_AA,Virus,mtVer,0.9999905174036219
Hepatitis_E_virus_ORF2_AA,Virus,JC69,0.9999964519419989
Hepatitis_GB_virus_C_E1E2_AA,Virus,LG,0.9999985819606538
Hepatitis_GB_virus_C_E1E2_AA,Virus,WAG,0.9999977378886531
Hepatitis_GB_virus_C_E1E2_AA,Virus,JTT,0.9999988520632502
Hepatitis_GB_virus_C_E1E2_AA,Virus,gcpREV,0.9999986663676416
Hepatitis_GB_virus_C_E1E2_AA,Virus,mtVer,0.9999979742291156
Hepatitis_GB_virus_C_E1E2_AA,Virus,JC69,0.9999962354373957
Highlands_J_virus_E1_AA,Virus,LG,1
Highlands_J_virus_E1_AA,Virus,WAG,1
Highlands_J_virus_E1_AA,Virus,JTT,1
Highlands_J_virus_E1_AA,Virus,gcpREV,1
Highlands_J_virus_E1_AA,Virus,mtVer,1
Highlands_J_virus_E1_AA,Virus,JC69,1
Human_astrovirus_C_AA,Virus,LG,0.9999927737470974
Human_astrovirus_C_AA,Virus,WAG,0.9999919151835527
Human_astrovirus_C_AA,Virus,JTT,0.9999877654547553
Human_astrovirus_C_AA,Virus,gcpREV,0.9999866922480771
Human_astrovirus_C_AA,Virus,mtVer,0.999985762137405
Human_astrovirus_C_AA,Virus,JC69,0.9999881947084499
Human_calicivirus_ORF2_AA,Virus,LG,0.9999991246725651
Human_calicivirus_ORF2_AA,Virus,WAG,0.9999989864628461
Human_calicivirus_ORF2_AA,Virus,JTT,0.9999985718340617
Human_calicivirus_ORF2_AA,Virus,gcpREV,0.9999992628821296
Human_calicivirus_ORF2_AA,Virus,mtVer,0.9999988482532943
Human_calicivirus_ORF2_AA,Virus,JC69,0.9999975582965043
Human_immunodeficiency_virus_type_1_subtype_C_Gag_AA,Virus,LG,0.9999968789885759
Human_immunodeficiency_virus_type_1_subtype_C_Gag_AA,Virus,WAG,0.9999979109338136
Human_immunodeficiency_virus_type_1_subtype_C_Gag_AA,Virus,JTT,0.9999973823761643
Human_immunodeficiency_virus_type_1_subtype_C_Gag_AA,Virus,gcpREV,0.9999958973763323
Human_immunodeficiency_virus_type_1_subtype_C_Gag_AA,Virus,mtVer,0.9999958722093383
Human_immunodeficiency_virus_type_1_subtype_C_Gag_AA,Virus,JC69,0.9999932797538116
Human_immunodeficiency_virus_type_2_Gag_AA,Virus,LG,0.9999983867766281
Human_immunodeficiency_virus_type_2_Gag_AA,Virus,WAG,0.9999943887886535
Human_immunodeficiency_virus_type_2_Gag_AA,Virus,JTT,0.9999983517060301
Human_immunodeficiency_virus_type_2_Gag_AA,Virus,gcpREV,0.9999948797699876
Human_immunodeficiency_virus_type_2_Gag_AA,Virus,mtVer,0.9999960721520443
Human_immunodeficiency_virus_type_2_Gag_AA,Virus,JC69,0.99999144287727
Human_influenza_A_virus_serotype_H3N2_MP_AA,Virus,LG,0.9999917776591403
Human_influenza_A_virus_serotype_H3N2_MP_AA,Virus,WAG,0.999999516333771
Human_influenza_A_virus_serotype_H3N2_MP_AA,Virus,JTT,0.9999985490006121
Human_influenza_A_virus_serotype_H3N2_MP_AA,Virus,gcpREV,1
Human_influenza_A_virus_serotype_H3N2_MP_AA,Virus,mtVer,0.999999516333771
Human_influenza_A_virus_serotype_H3N2_MP_AA,Virus,JC69,0.9999922613291118
Human_influenza_B_virus_MP_AA,Virus,LG,1
Human_influenza_B_virus_MP_AA,Virus,WAG,1
Human_influenza_B_virus_MP_AA,Virus,JTT,1
Human_influenza_B_virus_MP_AA,Virus,gcpREV,1
Human_influenza_B_virus_MP_AA,Virus,mtVer,1
Human_influenza_B_virus_MP_AA,Virus,JC69,0.9999984543464164
Human_influenza_C_virus_MP_AA,Virus,LG,0.99999977537123
Human_influenza_C_virus_MP_AA,Virus,WAG,1
Human_influenza_C_virus_MP_AA,Virus,JTT,0.9999991014850207
Human_influenza_C_virus_MP_AA,Virus,gcpREV,1
Human_influenza_C_virus_MP_AA,Virus,mtVer,1
Human_influenza_C_virus_MP_AA,Virus,JC69,0.9999955074251033
Human_metapneumovirus_N_AA,Virus,LG,0.9999976702599577
Human_metapneumovirus_N_AA,Virus,WAG,0.9999999999999998
Human_metapneumovirus_N_AA,Virus,JTT,0.9999953405025803
Human_metapneumovirus_N_AA,Virus,gcpREV,1
Human_metapneumovirus_N_AA,Virus,mtVer,0.9999870200113152
Human_metapneumovirus_N_AA,Virus,JC69,0.9999826933422171
Human_T_lymphotropic_virus_type_I_Gag_AA,Virus,LG,0.9999999999999999
Human_T_lymphotropic_virus_type_I_Gag_AA,Virus,WAG,0.9999999999999999
Human_T_lymphotropic_virus_type_I_Gag_AA,Virus,JTT,0.9999999999999999
Human_T_lymphotropic_virus_type_I_Gag_AA,Virus,gcpREV,0.9999999999999999
Human_T_lymphotropic_virus_type_I_Gag_AA,Virus,mtVer,0.999998589658246
Human_T_lymphotropic_virus_type_I_Gag_AA,Virus,JC69,0.9999999999999999
Human_T_lymphotropic_virus_type_II_Env_AA,Virus,LG,1
Human_T_lymphotropic_virus_type_II_Env_AA,Virus,WAG,1
Human_T_lymphotropic_virus_type_II_Env_AA,Virus,JTT,1
Human_T_lymphotropic_virus_type_II_Env_AA,Virus,gcpREV,1
Human_T_lymphotropic_virus_type_II_Env_AA,Virus,mtVer,1
Human_T_lymphotropic_virus_type_II_Env_AA,Virus,JC69,1
Infectious_hematopoietic_necrosis_virus_GP_AA,Virus,LG,0.999997958534928
Infectious_hematopoietic_necrosis_virus_GP_AA,Virus,WAG,0.9999988334480626
Infectious_hematopoietic_necrosis_virus_GP_AA,Virus,JTT,0.9999985418100354
Infectious_hematopoietic_necrosis_virus_GP_AA,Virus,gcpREV,0.9999988334485304
Infectious_hematopoietic_necrosis_virus_GP_AA,Virus,mtVer,0.9999986876294158
Infectious_hematopoietic_necrosis_virus_GP_AA,Virus,JC69,0.9999977398048451
Infectious_pancreatic_necrosis_virus_VP2_AA,Virus,LG,0.9999902082016768
Infectious_pancreatic_necrosis_virus_VP2_AA,Virus,WAG,0.9999911812963046
Infectious_pancreatic_necrosis_virus_VP2_AA,Virus,JTT,0.9999955298326694
Infectious_pancreatic_necrosis_virus_VP2_AA,Virus,gcpREV,0.9999881099652455
Infectious_pancreatic_necrosis_virus_VP2_AA,Virus,mtVer,0.9999794737114575
Infectious_pancreatic_necrosis_virus_VP2_AA,Virus,JC69,0.9999824538160379
Infectious_salmon_anaemia_virus_HA_AA,Virus,LG,0.9999978570542696
Infectious_salmon_anaemia_virus_HA_AA,Virus,WAG,0.9999915621478039
Infectious_salmon_anaemia_virus_HA_AA,Virus,JTT,0.9999876780587836
Infectious_salmon_anaemia_virus_HA_AA,Virus,gcpREV,0.9999866065891834
Infectious_salmon_anaemia_virus_HA_AA,Virus,mtVer,0.9999828564341545
Infectious_salmon_anaemia_virus_HA_AA,Virus,JC69,0.9999924996621021
Japanese_encephalitis_virus_CM_AA,Virus,LG,0.999998179925304
Japanese_encephalitis_virus_CM_AA,Virus,WAG,0.9999999999999999
Japanese_encephalitis_virus_CM_AA,Virus,JTT,0.9999999999999999
Japanese_encephalitis_virus_CM_AA,Virus,gcpREV,0.9999999999999999
Japanese_encephalitis_virus_CM_AA,Virus,mtVer,0.9999999999999999
Japanese_encephalitis_virus_CM_AA,Virus,JC69,0.9999995449812225
Leek_yellow_stripe_virus_CP_AA,Virus,LG,0.999973547973292
Leek_yellow_stripe_virus_CP_AA,Virus,WAG,0.9999871952037275
Leek_yellow_stripe_virus_CP_AA,Virus,JTT,0.9999706837065094
Leek_yellow_stripe_virus_CP_AA,Virus,gcpREV,0.9999804558307395
Leek_yellow_stripe_virus_CP_AA,Virus,mtVer,0.9999519820059025
Leek_yellow_stripe_virus_CP_AA,Virus,JC69,0.9999743903475588
Lettuce_mosaic_virus_CP_AA,Virus,LG,0.9999999999999999
Lettuce_mosaic_virus_CP_AA,Virus,WAG,0.9999972033369782
Lettuce_mosaic_virus_CP_AA,Virus,JTT,0.9999999999999999
Lettuce_mosaic_virus_CP_AA,Virus,gcpREV,0.9999916100226668
Lettuce_mosaic_virus_CP_AA,Virus,mtVer,0.9999909108517786
Lettuce_mosaic_virus_CP_AA,Virus,JC69,0.9999657404250748
Louping_ill_virus_E_AA,Virus,LG,0.9999932279649831
Louping_ill_virus_E_AA,Virus,WAG,0.9999986455929967
Louping_ill_virus_E_AA,Virus,JTT,0.9999990970619979
Louping_ill_virus_E_AA,Virus,gcpREV,0.999999548530999
Louping_ill_virus_E_AA,Virus,mtVer,0.9999945823719866
Louping_ill_virus_E_AA,Virus,JC69,1
Lymphocytic_choriomeningitis_virus_GP_AA,Virus,LG,0.9999949499312307
Lymphocytic_choriomeningitis_virus_GP_AA,Virus,WAG,0.9999668137950793
Lymphocytic_choriomeningitis_virus_GP_AA,Virus,JTT,0.9999937475382088
Lymphocytic_choriomeningitis_virus_GP_AA,Virus,gcpREV,0.9999761925008649
Lymphocytic_choriomeningitis_virus_GP_AA,Virus,mtVer,0.9999959118528422
Lymphocytic_choriomeningitis_virus_GP_AA,Virus,JC69,0.9999959118496036
Maedi_Visna_virus_Gag_AA,Virus,LG,0.9999811958676911
Maedi_Visna_virus_Gag_AA,Virus,WAG,0.9999928962167376
Maedi_Visna_virus_Gag_AA,Virus,JTT,0.9999878817814319
Maedi_Visna_virus_Gag_AA,Virus,gcpREV,0.9999979106520432
Maedi_Visna_virus_Gag_AA,Virus,mtVer,0.9999899711335795
Maedi_Visna_virus_Gag_AA,Virus,JC69,0.9999882996460642
matK,Chloroplast,LG,0.9995570885253251
matK,Chloroplast,WAG,0.9996164691366799
matK,Chloroplast,JTT,0.9996413872758884
matK,Chloroplast,gcpREV,0.9996536836665875
matK,Chloroplast,mtVer,0.9993939434197945
matK,Chloroplast,JC69,0.9989541550605092
Measles_virus_N_AA,Virus,LG,0.9999983121818828
Measles_virus_N_AA,Virus,WAG,0.9999985635607035
Measles_virus_N_AA,Virus,JTT,0.9999935359722738
Measles_virus_N_AA,Virus,gcpREV,0.9999991381367821
Measles_virus_N_AA,Virus,mtVer,0.9999974503195981
Measles_virus_N_AA,Virus,JC69,0.999999138137089
Melon_necrotic_virus_CP_AA,Virus,LG,0.9999960454169751
Melon_necrotic_virus_CP_AA,Virus,WAG,0.999999367266814
Melon_necrotic_virus_CP_AA,Virus,JTT,0.9999999999999999
Melon_necrotic_virus_CP_AA,Virus,gcpREV,0.9999982599830256
Melon_necrotic_virus_CP_AA,Virus,mtVer,0.999999367266814
Melon_necrotic_virus_CP_AA,Virus,JC69,0.9999987345328776
Mirafiore_lettuce_virus_NC_AA,Virus,LG,0.9999999049376841
Mirafiore_lettuce_virus_NC_AA,Virus,WAG,0.9999999999999999
Mirafiore_lettuce_virus_NC_AA,Virus,JTT,0.9999999999999999
Mirafiore_lettuce_virus_NC_AA,Virus,gcpREV,0.9999988592519011
Mirafiore_lettuce_virus_NC_AA,Virus,mtVer,0.9999995246884021
Mirafiore_lettuce_virus_NC_AA,Virus,JC69,0.9999983839405564
Mumps_virus_HN_AA,Virus,LG,0.9999986268495764
Mumps_virus_HN_AA,Virus,WAG,0.9999997139269804
Mumps_virus_HN_AA,Virus,JTT,0.9999993134247882
Mumps_virus_HN_AA,Virus,gcpREV,0.9999993134247097
Mumps_virus_HN_AA,Virus,mtVer,0.999999771141596
Mumps_virus_HN_AA,Virus,JC69,0.9999955372606192
Murine_hepatitis_virus_N_AA,Virus,LG,0.9999983143091643
Murine_hepatitis_virus_N_AA,Virus,WAG,0.999997693265344
Murine_hepatitis_virus_N_AA,Virus,JTT,0.9999972496622984
Murine_hepatitis_virus_N_AA,Virus,gcpREV,0.9999946767680318
Murine_hepatitis_virus_N_AA,Virus,mtVer,0.9999967173399988
Murine_hepatitis_virus_N_AA,Virus,JC69,0.9999871354825637
ND1,Mitochondria,LG,0.9999562156070906
ND1,Mitochondria,WAG,0.9999695318522077
ND1,Mitochondria,JTT,0.9999643935210681
ND1,Mitochondria,gcpREV,0.9999750320404083
ND1,Mitochondria,mtVer,0.9999386294745948
ND1,Mitochondria,JC69,0.9999832823081903
ND2,Mitochondria,LG,0.9999342658096385
ND2,Mitochondria,WAG,0.9999233544662991
ND2,Mitochondria,JTT,0.9998799086826977
ND2,Mitochondria,gcpREV,0.9998243539852685
ND2,Mitochondria,mtVer,0.9997894243660581
ND2,Mitochondria,JC69,0.999964471592146
ND3,Mitochondria,LG,0.999435053369148
ND3,Mitochondria,WAG,0.9995501350902476
ND3,Mitochondria,JTT,0.9995789044191495
ND3,Mitochondria,gcpREV,0.9993775125085983
ND3,Mitochondria,mtVer,0.9991578110410447
ND3,Mitochondria,JC69,0.9994742830240497
ND4,Mitochondria,LG,0.9999063260513095
ND4,Mitochondria,WAG,0.9999094138899055
ND4,Mitochondria,JTT,0.9999141018007086
ND4,Mitochondria,gcpREV,0.9998839532105199
ND4,Mitochondria,mtVer,0.9998499869187758
ND4,Mitochondria,JC69,0.9999369799034952
ND4L,Mitochondria,LG,0.9997278574962889
ND4L,Mitochondria,WAG,0.9999257793171697
ND4L,Mitochondria,JTT,0.9998020781791191
ND4L,Mitochondria,gcpREV,0.999777337951509
ND4L,Mitochondria,mtVer,0.999777337951509
ND4L,Mitochondria,JC69,0.9998020769740779
ND5,Mitochondria,LG,0.9995992642590067
ND5,Mitochondria,WAG,0.9996197270276808
ND5,Mitochondria,JTT,0.9995453010925542
ND5,Mitochondria,gcpREV,0.999509739573984
ND5,Mitochondria,mtVer,0.9995187593799104
ND5,Mitochondria,JC69,0.9985217502198438
ND6,Mitochondria,LG,0.9850895539126091
ND6,Mitochondria,WAG,0.9947615512224542
ND6,Mitochondria,JTT,0.9911826204033743
ND6,Mitochondria,gcpREV,0.9934708874850396
ND6,Mitochondria,mtVer,0.9951073012581727
ND6,Mitochondria,JC69,0.9941928965648098
ndhA,Chloroplast,LG,0.9999771542021668
ndhA,Chloroplast,WAG,0.999980506097005
ndhA,Chloroplast,JTT,0.9999827112927014
ndhA,Chloroplast,gcpREV,0.9999786537351975
ndhA,Chloroplast,mtVer,0.9999694360285725
ndhA,Chloroplast,JC69,0.9999756546689034
ndhB,Chloroplast,LG,0.9999639933810418
ndhB,Chloroplast,WAG,0.9999728866180995
ndhB,Chloroplast,JTT,0.9999767707333419
ndhB,Chloroplast,gcpREV,0.9999786562249616
ndhB,Chloroplast,mtVer,0.9999751240712097
ndhB,Chloroplast,JC69,0.9999592796373644
ndhC,Chloroplast,LG,0.999919905844871
ndhC,Chloroplast,WAG,0.9999110064943012
ndhC,Chloroplast,JTT,0.9999454914177419
ndhC,Chloroplast,gcpREV,0.9998353620144571
ndhC,Chloroplast,mtVer,0.9998220129886022
ndhC,Chloroplast,JC69,0.9999777516235754
ndhD,Chloroplast,LG,0.9999876582239442
ndhD,Chloroplast,WAG,0.9999890115745983
ndhD,Chloroplast,JTT,0.9999880824086526
ndhD,Chloroplast,gcpREV,0.999988102608918
ndhD,Chloroplast,mtVer,0.9999781039499254
ndhD,Chloroplast,JC69,0.99999046592615
ndhE,Chloroplast,LG,0.9999975192967703
ndhE,Chloroplast,WAG,0.9999578277866292
ndhE,Chloroplast,JTT,0.9999900771993888
ndhE,Chloroplast,gcpREV,0.9999702315981663
ndhE,Chloroplast,mtVer,0.9999280595201825
ndhE,Chloroplast,JC69,0.9999503859969439
ndhF,Chloroplast,LG,0.9998252784564191
ndhF,Chloroplast,WAG,0.9998517977415129
ndhF,Chloroplast,JTT,0.9998365495785506
ndhF,Chloroplast,gcpREV,0.9998260023230509
ndhF,Chloroplast,mtVer,0.9998123253942224
ndhF,Chloroplast,JC69,0.9999011444219362
ndhG,Chloroplast,LG,0.9997694688721946
ndhG,Chloroplast,WAG,0.9998664589875335
ndhG,Chloroplast,JTT,0.9998382542511197
ndhG,Chloroplast,gcpREV,0.9997838593284396
ndhG,Chloroplast,mtVer,0.9997450058855866
ndhG,Chloroplast,JC69,0.9999087661879272
ndhH,Chloroplast,LG,0.9934274864953953
ndhH,Chloroplast,WAG,0.9932366422129428
ndhH,Chloroplast,JTT,0.993366601220919
ndhH,Chloroplast,gcpREV,0.9917025619826139
ndhH,Chloroplast,mtVer,0.9906359082455042
ndhH,Chloroplast,JC69,0.9987617781208205
ndhI,Chloroplast,LG,0.9998966239889324
ndhI,Chloroplast,WAG,0.9999306463822601
ndhI,Chloroplast,JTT,0.9998946608801468
ndhI,Chloroplast,gcpREV,0.9999273751277479
ndhI,Chloroplast,mtVer,0.9998115677765902
ndhI,Chloroplast,JC69,0.9999100360924777
ndhJ,Chloroplast,LG,0.9997235513503537
ndhJ,Chloroplast,WAG,0.9997543923403615
ndhJ,Chloroplast,JTT,0.9998435513727836
ndhJ,Chloroplast,gcpREV,0.9998609346314262
ndhJ,Chloroplast,mtVer,0.9998558876620662
ndhJ,Chloroplast,JC69,0.9998542053355922
ndhK,Chloroplast,LG,0.9978406859167901
ndhK,Chloroplast,WAG,0.9996043931628001
ndhK,Chloroplast,JTT,0.9995638098219436
ndhK,Chloroplast,gcpREV,0.9995881385185108
ndhK,Chloroplast,mtVer,0.9994977675928804
ndhK,Chloroplast,JC69,0.9995662306722574
Newcastle_disease_virus_NP_AA,Virus,LG,0.9999978319332252
Newcastle_disease_virus_NP_AA,Virus,WAG,0.9999993080638018
Newcastle_disease_virus_NP_AA,Virus,JTT,0.9999988006435362
Newcastle_disease_virus_NP_AA,Virus,gcpREV,0.9999973245122193
Newcastle_disease_virus_NP_AA,Virus,mtVer,0.9999946951557419
Newcastle_disease_virus_NP_AA,Virus,JC69,0.9999929883618406
Onion_yellow_dwarf_virus_CP_AA,Virus,LG,0.9999833604557904
Onion_yellow_dwarf_virus_CP_AA,Virus,WAG,0.9999611743753096
Onion_yellow_dwarf_virus_CP_AA,Virus,JTT,0.9999534092762131
Onion_yellow_dwarf_virus_CP_AA,Virus,gcpREV,0.9999534092762131
Onion_yellow_dwarf_virus_CP_AA,Virus,mtVer,0.9999561825092781
Onion_yellow_dwarf_virus_CP_AA,Virus,JC69,0.9999589556317462
Oropouche_virus_NP_AA,Virus,LG,1
Oropouche_virus_NP_AA,Virus,WAG,1
Oropouche_virus_NP_AA,Virus,JTT,1
Oropouche_virus_NP_AA,Virus,gcpREV,1
Oropouche_virus_NP_AA,Virus,mtVer,1
Oropouche_virus_NP_AA,Virus,JC69,0.9999999999999998
Pea_seed_borne_mosaic_virus_CP_AA,Virus,LG,0.9999982513814086
Pea_seed_borne_mosaic_virus_CP_AA,Virus,WAG,0.9999999999999999
Pea_seed_borne_mosaic_virus_CP_AA,Virus,JTT,0.9999999999999999
Pea_seed_borne_mosaic_virus_CP_AA,Virus,gcpREV,0.9999982513814086
Pea_seed_borne_mosaic_virus_CP_AA,Virus,mtVer,0.9999965027628173
Pea_seed_borne_mosaic_virus_CP_AA,Virus,JC69,0.9999982513798799
Peanut_stripe_virus_CP_AA,Virus,LG,1
Peanut_stripe_virus_CP_AA,Virus,WAG,0.9999967766162852
Peanut_stripe_virus_CP_AA,Virus,JTT,0.9999967766162852
Peanut_stripe_virus_CP_AA,Virus,gcpREV,1
Peanut_stripe_virus_CP_AA,Virus,mtVer,0.9999979853844477
Peanut_stripe_virus_CP_AA,Virus,JC69,0.9999979853844477
petA,Chloroplast,LG,0.99997535186304
petA,Chloroplast,WAG,0.9999773817161624
petA,Chloroplast,JTT,0.9999831812736822
petA,Chloroplast,gcpREV,0.9999752793631562
petA,Chloroplast,mtVer,0.9999552708517326
petA,Chloroplast,JC69,0.9999849935875429
petB,Chloroplast,LG,0.9999268288221269
petB,Chloroplast,WAG,0.9998921486510635
petB,Chloroplast,JTT,0.9999357846450188
petB,Chloroplast,gcpREV,0.9998946259019622
petB,Chloroplast,mtVer,0.9999613183544899
petB,Chloroplast,JC69,0.9999232083293418
petD,Chloroplast,LG,0.9996228315113262
petD,Chloroplast,WAG,0.9996415612653822
petD,Chloroplast,JTT,0.9997745069453824
petD,Chloroplast,gcpREV,0.9995523196563194
petD,Chloroplast,mtVer,0.9997333748575922
petD,Chloroplast,JC69,0.9998619126423878
petG,Chloroplast,LG,0.9999408896112976
petG,Chloroplast,WAG,1
petG,Chloroplast,JTT,1
petG,Chloroplast,gcpREV,0.9997635654332664
petG,Chloroplast,mtVer,0.9997635654332664
petG,Chloroplast,JC69,0.9997635654332664
petN,Chloroplast,LG,0.9997522299306244
petN,Chloroplast,WAG,0.9997522299306244
petN,Chloroplast,JTT,0.9997522299306244
petN,Chloroplast,gcpREV,1
petN,Chloroplast,mtVer,0.9997522299306244
petN,Chloroplast,JC69,0.9997522299306244
Pike_fry_like_virus_G_AA,Virus,LG,0.9999852002097006
Pike_fry_like_virus_G_AA,Virus,WAG,0.9999936572328707
Pike_fry_like_virus_G_AA,Virus,JTT,0.9999887240336737
Pike_fry_like_virus_G_AA,Virus,gcpREV,0.9999915429708697
Pike_fry_like_virus_G_AA,Virus,mtVer,0.9999443252274886
Pike_fry_like_virus_G_AA,Virus,JC69,0.9999520761922138
Polio_virus_serotype_1_VP1_AA,Virus,LG,0.9999965805036484
Polio_virus_serotype_1_VP1_AA,Virus,WAG,0.9999933164338635
Polio_virus_serotype_1_VP1_AA,Virus,JTT,0.9999953370490284
Polio_virus_serotype_1_VP1_AA,Virus,gcpREV,0.9999914512552432
Polio_virus_serotype_1_VP1_AA,Virus,mtVer,0.999990674095254
Polio_virus_serotype_1_VP1_AA,Virus,JC69,0.9999740428137852
Porcine_reproductive_and_respiratory_syndrome_virus_E_AA,Virus,LG,0.9999783576384782
Porcine_reproductive_and_respiratory_syndrome_virus_E_AA,Virus,WAG,0.9999945894057362
Porcine_reproductive_and_respiratory_syndrome_virus_E_AA,Virus,JTT,0.9999926570480707
Porcine_reproductive_and_respiratory_syndrome_virus_E_AA,Virus,gcpREV,0.9999710146832631
Porcine_reproductive_and_respiratory_syndrome_virus_E_AA,Virus,mtVer,0.9999818358682061
Porcine_reproductive_and_respiratory_syndrome_virus_E_AA,Virus,JC69,0.9999802898206444
Porcine_rotavirus_VP7_AA,Virus,LG,0.9999586154902218
Porcine_rotavirus_VP7_AA,Virus,WAG,0.999963113806502
Porcine_rotavirus_VP7_AA,Virus,JTT,0.9999703111125503
Porcine_rotavirus_VP7_AA,Virus,gcpREV,0.9999748094176003
Porcine_rotavirus_VP7_AA,Virus,mtVer,0.9998614516717003
Porcine_rotavirus_VP7_AA,Virus,JC69,0.9999718853904821
Potato_leafroll_virus_CP_AA,Virus,LG,0.9999992146893737
Potato_leafroll_virus_CP_AA,Virus,WAG,0.9999995149552129
Potato_leafroll_virus_CP_AA,Virus,JTT,0.9999996304420252
Potato_leafroll_virus_CP_AA,Virus,gcpREV,0.9999995611499238
Potato_leafroll_virus_CP_AA,Virus,mtVer,0.9999991915919839
Potato_leafroll_virus_CP_AA,Virus,JC69,0.9999953574243899
Potato_virus_A_CP_AA,Virus,LG,0.9999995524139991
Potato_virus_A_CP_AA,Virus,WAG,0.9999982096563971
Potato_virus_A_CP_AA,Virus,JTT,0.9999892579383833
Potato_virus_A_CP_AA,Virus,gcpREV,0.9999874675947806
Potato_virus_A_CP_AA,Virus,mtVer,0.9999946289691917
Potato_virus_A_CP_AA,Virus,JC69,0.9999955241305757
Potato_virus_S_CP_AA,Virus,LG,0.9999959528370612
Potato_virus_S_CP_AA,Virus,WAG,0.9999942665172931
Potato_virus_S_CP_AA,Virus,JTT,0.9999919056686625
Potato_virus_S_CP_AA,Virus,gcpREV,0.9999942665172931
Potato_virus_S_CP_AA,Virus,mtVer,0.9999811132396189
Potato_virus_S_CP_AA,Virus,JC69,0.9999952783037624
Potato_virus_X_CP_AA,Virus,LG,0.9999999999999999
Potato_virus_X_CP_AA,Virus,WAG,0.9999999999999999
Potato_virus_X_CP_AA,Virus,JTT,0.9999972177861367
Potato_virus_X_CP_AA,Virus,gcpREV,0.9999972177861367
Potato_virus_X_CP_AA,Virus,mtVer,0.9999999999999999
Potato_virus_X_CP_AA,Virus,JC69,0.9999965222304938
Prune_dwarf_virus_CP_AA,Virus,LG,0.999985527201749
Prune_dwarf_virus_CP_AA,Virus,WAG,0.999995508442008
Prune_dwarf_virus_CP_AA,Virus,JTT,0.9999940112588335
Prune_dwarf_virus_CP_AA,Virus,gcpREV,0.9999935121939563
Prune_dwarf_virus_CP_AA,Virus,mtVer,0.9999760450119218
Prune_dwarf_virus_CP_AA,Virus,JC69,0.9999650655724197
Prunus_necrotic_ringspot_virus_CP_AA,Virus,LG,0.9999959217687501
Prunus_necrotic_ringspot_virus_CP_AA,Virus,WAG,0.9999941092214822
Prunus_necrotic_ringspot_virus_CP_AA,Virus,JTT,0.9999981874535536
Prunus_necrotic_ringspot_virus_CP_AA,Virus,gcpREV,0.9999950154951162
Prunus_necrotic_ringspot_virus_CP_AA,Virus,mtVer,0.9999959217687501
Prunus_necrotic_ringspot_virus_CP_AA,Virus,JC69,0.9999959217658753
psaA,Chloroplast,LG,0.999996342846132
psaA,Chloroplast,WAG,0.9999983088791945
psaA,Chloroplast,JTT,0.9999982339032528
psaA,Chloroplast,gcpREV,0.9999980256367199
psaA,Chloroplast,mtVer,0.999996117920061
psaA,Chloroplast,JC69,0.9999971925697999
psaB,Chloroplast,LG,0.9970196902615985
psaB,Chloroplast,WAG,0.9975853486982803
psaB,Chloroplast,JTT,0.997734729439935
psaB,Chloroplast,gcpREV,0.9968815226829244
psaB,Chloroplast,mtVer,0.9966273231148841
psaB,Chloroplast,JC69,0.9984380322374876
psaJ,Chloroplast,LG,0.9984550825695736
psaJ,Chloroplast,WAG,0.9992797269769994
psaJ,Chloroplast,JTT,0.9997077183239735
psaJ,Chloroplast,gcpREV,0.9993736821228001
psaJ,Chloroplast,mtVer,0.9993736821228001
psaJ,Chloroplast,JC69,0.9992066640222135
psbA,Chloroplast,LG,0.9999987124585421
psbA,Chloroplast,WAG,0.9999980686875896
psbA,Chloroplast,JTT,0.9999981974419457
psbA,Chloroplast,gcpREV,0.9999930472759816
psbA,Chloroplast,mtVer,0.9999958798661677
psbA,Chloroplast,JC69,0.999983390706245
psbB,Chloroplast,LG,0.9999986559823936
psbB,Chloroplast,WAG,0.9999991830479545
psbB,Chloroplast,JTT,0.9999991566947578
psbB,Chloroplast,gcpREV,0.9999987350423424
psbB,Chloroplast,mtVer,0.9999981289165715
psbB,Chloroplast,JC69,0.999995098284455
psbC,Chloroplast,LG,0.9999982518464674
psbC,Chloroplast,WAG,0.9999957885385505
psbC,Chloroplast,JTT,0.9999965036935029
psbC,Chloroplast,gcpREV,0.9999940403861575
psbC,Chloroplast,mtVer,0.999995589881601
psbC,Chloroplast,JC69,0.9999891534867587
psbD,Chloroplast,LG,0.999943629335739
psbD,Chloroplast,WAG,0.9999938822483038
psbD,Chloroplast,JTT,0.9999836860070754
psbD,Chloroplast,gcpREV,0.9999203234971412
psbD,Chloroplast,mtVer,0.9999801901627845
psbD,Chloroplast,JC69,0.9999137688685222
psbE,Chloroplast,LG,0.9999702081437821
psbE,Chloroplast,WAG,0.9999761666428333
psbE,Chloroplast,JTT,1
psbE,Chloroplast,gcpREV,1
psbE,Chloroplast,mtVer,0.9997616664283332
psbE,Chloroplast,JC69,0.9999702081437821
psbF,Chloroplast,LG,1
psbF,Chloroplast,WAG,1
psbF,Chloroplast,JTT,1
psbF,Chloroplast,gcpREV,0.999859943977591
psbF,Chloroplast,mtVer,1
psbF,Chloroplast,JC69,1
psbJ,Chloroplast,LG,0.9996371882086167
psbJ,Chloroplast,WAG,1
psbJ,Chloroplast,JTT,0.9998185941043084
psbJ,Chloroplast,gcpREV,0.9998185941043084
psbJ,Chloroplast,mtVer,1
psbJ,Chloroplast,JC69,0.9989115646258503
psbK,Chloroplast,LG,0.9996863834410459
psbK,Chloroplast,WAG,0.9996639822582634
psbK,Chloroplast,JTT,0.9996639822582634
psbK,Chloroplast,gcpREV,0.999148755054267
psbK,Chloroplast,mtVer,0.999641581075481
psbK,Chloroplast,JC69,0.9997983870967743
psbL,Chloroplast,LG,0.9583527722147404
psbL,Chloroplast,WAG,0.9985553900524295
psbL,Chloroplast,JTT,0.9583565571127206
psbL,Chloroplast,gcpREV,0.9988966616127057
psbL,Chloroplast,mtVer,0.9841771797656516
psbL,Chloroplast,JC69,0.9726870448291068
psbN,Chloroplast,LG,1
psbN,Chloroplast,WAG,0.9999660435660946
psbN,Chloroplast,JTT,1
psbN,Chloroplast,gcpREV,0.9998302155243172
psbN,Chloroplast,mtVer,1
psbN,Chloroplast,JC69,0.9999660435660946
psbT,Chloroplast,LG,0.9998347653668209
psbT,Chloroplast,WAG,0.9998347653668209
psbT,Chloroplast,JTT,1
psbT,Chloroplast,gcpREV,0.9998347653668209
psbT,Chloroplast,mtVer,1
psbT,Chloroplast,JC69,1
Puumala_virus_N_AA,Virus,LG,0.9999973157279135
Puumala_virus_N_AA,Virus,WAG,0.9999989675870016
Puumala_virus_N_AA,Virus,JTT,0.9999993805529579
Puumala_virus_N_AA,Virus,gcpREV,0.9999986922778484
Puumala_virus_N_AA,Virus,mtVer,0.9999961456620771
Puumala_virus_N_AA,Virus,JC69,0.9999911900422526
Rabbit_haemorrhagic_disease_virus_VP60_AA,Virus,LG,0.9999993343042146
Rabbit_haemorrhagic_disease_virus_VP60_AA,Virus,WAG,0.9999992455447764
Rabbit_haemorrhagic_disease_virus_VP60_AA,Virus,JTT,0.9999988461269058
Rabbit_haemorrhagic_disease_virus_VP60_AA,Virus,gcpREV,0.9999996005825645
Rabbit_haemorrhagic_disease_virus_VP60_AA,Virus,mtVer,0.9999992455446504
Rabbit_haemorrhagic_disease_virus_VP60_AA,Virus,JC69,0.9999984023287695
rbcL,Chloroplast,LG,0.9999884293985463
rbcL,Chloroplast,WAG,0.9999854486041576
rbcL,Chloroplast,JTT,0.9999816344747006
rbcL,Chloroplast,gcpREV,0.9999866665641038
rbcL,Chloroplast,mtVer,0.9999860575855057
rbcL,Chloroplast,JC69,0.9999919550660678
Rice_black_streaked_dwarf_virus_CP_AA,Virus,LG,0.9999993927635634
Rice_black_streaked_dwarf_virus_CP_AA,Virus,WAG,0.9999996204772587
Rice_black_streaked_dwarf_virus_CP_AA,Virus,JTT,0.9999996963817817
Rice_black_streaked_dwarf_virus_CP_AA,Virus,gcpREV,0.9999991650497355
Rice_black_streaked_dwarf_virus_CP_AA,Virus,mtVer,1
Rice_black_streaked_dwarf_virus_CP_AA,Virus,JC69,0.999996432481945
Rice_stripe_virus_S_AA,Virus,LG,1
Rice_stripe_virus_S_AA,Virus,WAG,1
Rice_stripe_virus_S_AA,Virus,JTT,1
Rice_stripe_virus_S_AA,Virus,gcpREV,1
Rice_stripe_virus_S_AA,Virus,mtVer,1
Rice_stripe_virus_S_AA,Virus,JC69,1
Rice_tungro_spherical_virus_CP_AA,Virus,LG,0.99999445838268
Rice_tungro_spherical_virus_CP_AA,Virus,WAG,0.9999730835925356
Rice_tungro_spherical_virus_CP_AA,Virus,JTT,0.9999620000586316
Rice_tungro_spherical_virus_CP_AA,Virus,gcpREV,0.9998883752897639
Rice_tungro_spherical_virus_CP_AA,Virus,mtVer,0.9999715001390029
Rice_tungro_spherical_virus_CP_AA,Virus,JC69,0.9999089574293213
Rice_yellow_mottle_virus_CP_AA,Virus,LG,0.9999983000338872
Rice_yellow_mottle_virus_CP_AA,Virus,WAG,0.9999925201465372
Rice_yellow_mottle_virus_CP_AA,Virus,JTT,0.9999918401542889
Rice_yellow_mottle_virus_CP_AA,Virus,gcpREV,0.9999932001376293
Rice_yellow_mottle_virus_CP_AA,Virus,mtVer,0.9999969400572515
Rice_yellow_mottle_virus_CP_AA,Virus,JC69,0.9999989800196618
Ross_River_Virus_E2_AA,Virus,LG,0.9999985415682227
Ross_River_Virus_E2_AA,Virus,WAG,1
Ross_River_Virus_E2_AA,Virus,JTT,1
Ross_River_Virus_E2_AA,Virus,gcpREV,1
Ross_River_Virus_E2_AA,Virus,mtVer,1
Ross_River_Virus_E2_AA,Virus,JC69,1
rpl14,Chloroplast,LG,0.9999873444421007
rpl14,Chloroplast,WAG,0.9999704703649018
rpl14,Chloroplast,JTT,0.9999831259228009
rpl14,Chloroplast,gcpREV,0.9999778527508753
rpl14,Chloroplast,mtVer,0.9999915629614003
rpl14,Chloroplast,JC69,0.9999820712123378
rpl16,Chloroplast,LG,0.9974674860521172
rpl16,Chloroplast,WAG,0.9977086037805704
rpl16,Chloroplast,JTT,0.9977471039611359
rpl16,Chloroplast,gcpREV,0.9980757249671185
rpl16,Chloroplast,mtVer,0.997498598017079
rpl16,Chloroplast,JC69,0.9967342821764855
rpl20,Chloroplast,LG,0.9992340820493104
rpl20,Chloroplast,WAG,0.9989993179264666
rpl20,Chloroplast,JTT,0.9988911596709991
rpl20,Chloroplast,gcpREV,0.9994210553897015
rpl20,Chloroplast,mtVer,0.9992940316327489
rpl20,Chloroplast,JC69,0.999288992045995
rpl22,Chloroplast,LG,0.9976791977139393
rpl22,Chloroplast,WAG,0.9976081430772125
rpl22,Chloroplast,JTT,0.9985337513680562
rpl22,Chloroplast,gcpREV,0.9979210031863228
rpl22,Chloroplast,mtVer,0.9987251064406147
rpl22,Chloroplast,JC69,0.9986918868426237
rpl36,Chloroplast,LG,0.954513183253178
rpl36,Chloroplast,WAG,0.9594061592831
rpl36,Chloroplast,JTT,0.9585384324119653
rpl36,Chloroplast,gcpREV,0.9205838357128537
rpl36,Chloroplast,mtVer,0.9580473654252946
rpl36,Chloroplast,JC69,0.9930884346726311
rpoB,Chloroplast,LG,0.9999710165047323
rpoB,Chloroplast,WAG,0.999680351380814
rpoB,Chloroplast,JTT,0.9999702567275329
rpoB,Chloroplast,gcpREV,0.9999641849084918
rpoB,Chloroplast,mtVer,0.9999595782547602
rpoB,Chloroplast,JC69,0.9999882626416206
rpoC1,Chloroplast,LG,0.9998164414611393
rpoC1,Chloroplast,WAG,0.9998441751432432
rpoC1,Chloroplast,JTT,0.9998191912122475
rpoC1,Chloroplast,gcpREV,0.9997867044632263
rpoC1,Chloroplast,mtVer,0.9997950507635696
rpoC1,Chloroplast,JC69,0.9999339047115102
rpoC2,Chloroplast,LG,0.9995771149322374
rpoC2,Chloroplast,WAG,0.9996233334156717
rpoC2,Chloroplast,JTT,0.9996063342104399
rpoC2,Chloroplast,gcpREV,0.999585848385178
rpoC2,Chloroplast,mtVer,0.9995149365633176
rpoC2,Chloroplast,JC69,0.9997406461247195
rps11,Chloroplast,LG,0.9997647294695774
rps11,Chloroplast,WAG,0.9998419598211004
rps11,Chloroplast,JTT,0.999784676649413
rps11,Chloroplast,gcpREV,0.9996532320511785
rps11,Chloroplast,mtVer,0.9995105347560218
rps11,Chloroplast,JC69,0.9998859448813551
rps12,Chloroplast,LG,0.9993663241072364
rps12,Chloroplast,WAG,0.9995684124477704
rps12,Chloroplast,JTT,0.9994836232467623
rps12,Chloroplast,gcpREV,0.9993529067382321
rps12,Chloroplast,mtVer,0.9988343588399616
rps12,Chloroplast,JC69,0.9992680913704013
rps14,Chloroplast,LG,0.9999587267192901
rps14,Chloroplast,WAG,0.9999862422397634
rps14,Chloroplast,JTT,0.9999965605481109
rps14,Chloroplast,gcpREV,0.9998830590379886
rps14,Chloroplast,mtVer,0.9999174534385803
rps14,Chloroplast,JC69,0.9999638858187513
rps15,Chloroplast,LG,0.9996617304367438
rps15,Chloroplast,WAG,0.9987805591052981
rps15,Chloroplast,JTT,0.9991397095057925
rps15,Chloroplast,gcpREV,0.9996606860411685
rps15,Chloroplast,mtVer,0.9992232328547447
rps15,Chloroplast,JC69,0.9996826106134254
rps2,Chloroplast,LG,0.9999405890286671
rps2,Chloroplast,WAG,0.9999643253517085
rps2,Chloroplast,JTT,0.9999429766957963
rps2,Chloroplast,gcpREV,0.9999286507434623
rps2,Chloroplast,mtVer,0.9998846894240958
rps2,Chloroplast,JC69,0.9999164309293302
rps3,Chloroplast,LG,0.9999219792848284
rps3,Chloroplast,WAG,0.9999182263896674
rps3,Chloroplast,JTT,0.9999006470386496
rps3,Chloroplast,gcpREV,0.9998881044127105
rps3,Chloroplast,mtVer,0.9999024246297578
rps3,Chloroplast,JC69,0.999948446868078
rps4,Chloroplast,LG,0.9999636294083274
rps4,Chloroplast,WAG,0.9999657023499878
rps4,Chloroplast,JTT,0.9999600489061694
rps4,Chloroplast,gcpREV,0.9999553376838752
rps4,Chloroplast,mtVer,0.999917459501519
rps4,Chloroplast,JC69,0.9999577874604996
rps7,Chloroplast,LG,0.9999887537801065
rps7,Chloroplast,WAG,0.999980815271792
rps7,Chloroplast,JTT,0.9999814768016789
rps7,Chloroplast,gcpREV,0.9999060609227993
rps7,Chloroplast,mtVer,0.9999040763580841
rps7,Chloroplast,JC69,0.999967584424601
rps8,Chloroplast,LG,0.9989498994063284
rps8,Chloroplast,WAG,0.9993153739377303
rps8,Chloroplast,JTT,0.9995116539620803
rps8,Chloroplast,gcpREV,0.9996820254897789
rps8,Chloroplast,mtVer,0.9992321504422925
rps8,Chloroplast,JC69,0.9998712395498194
Rubella_virus_E1_AA,Virus,LG,0.9999988752962735
Rubella_virus_E1_AA,Virus,WAG,0.9999992060910811
Rubella_virus_E1_AA,Virus,JTT,0.9999990076140679
Rubella_virus_E1_AA,Virus,gcpREV,0.9999981475456192
Rubella_virus_E1_AA,Virus,mtVer,0.9999990076138929
Rubella_virus_E1_AA,Virus,JC69,0.999999007613105
Simian_foamy_virus_Env_AA,Virus,LG,1
Simian_foamy_virus_Env_AA,Virus,WAG,1
Simian_foamy_virus_Env_AA,Virus,JTT,1
Simian_foamy_virus_Env_AA,Virus,gcpREV,0.9999986649621412
Simian_foamy_virus_Env_AA,Virus,mtVer,0.9999994278409176
Simian_foamy_virus_Env_AA,Virus,JC69,0.9999994278408629
Simian_T_lymphotropic_virus_type_I_Env_AA,Virus,LG,0.9999955838483671
Simian_T_lymphotropic_virus_type_I_Env_AA,Virus,WAG,1
Simian_T_lymphotropic_virus_type_I_Env_AA,Virus,JTT,0.9999944798049739
Simian_T_lymphotropic_virus_type_I_Env_AA,Virus,gcpREV,1
Simian_T_lymphotropic_virus_type_I_Env_AA,Virus,mtVer,1
Simian_T_lymphotropic_virus_type_I_Env_AA,Virus,JC69,0.9999955838483671
Soybean_mosaic_virus_CP_AA,Virus,LG,1
Soybean_mosaic_virus_CP_AA,Virus,WAG,1
Soybean_mosaic_virus_CP_AA,Virus,JTT,1
Soybean_mosaic_virus_CP_AA,Virus,gcpREV,1
Soybean_mosaic_virus_CP_AA,Virus,mtVer,1
Soybean_mosaic_virus_CP_AA,Virus,JC69,0.9999967639616126
Spring_viraemia_of_carp_virus_G_AA,Virus,LG,0.9998996670086986
Spring_viraemia_of_carp_virus_G_AA,Virus,WAG,0.9998382952047205
Spring_viraemia_of_carp_virus_G_AA,Virus,JTT,0.9999337610368663
Spring_viraemia_of_carp_virus_G_AA,Virus,gcpREV,0.9998509617612249
Spring_viraemia_of_carp_virus_G_AA,Virus,mtVer,0.9999318112320038
Spring_viraemia_of_carp_virus_G_AA,Virus,JC69,0.9999853884239108
Sugarcane_mosaic_virus_CP_AA,Virus,LG,0.9999958519692259
Sugarcane_mosaic_virus_CP_AA,Virus,WAG,0.9999974074752547
Sugarcane_mosaic_virus_CP_AA,Virus,JTT,0.9999979259824622
Sugarcane_mosaic_virus_CP_AA,Virus,gcpREV,0.999999481495481
Sugarcane_mosaic_virus_CP_AA,Virus,mtVer,0.9999953334630939
Sugarcane_mosaic_virus_CP_AA,Virus,JC69,0.999980815172029
Sweet_potato_feathery_mottle_virus_CP_AA,Virus,LG,0.9999207346818308
Sweet_potato_feathery_mottle_virus_CP_AA,Virus,WAG,0.9999312416477059
Sweet_potato_feathery_mottle_virus_CP_AA,Virus,JTT,0.9999652345516761
Sweet_potato_feathery_mottle_virus_CP_AA,Virus,gcpREV,0.9999419031358401
Sweet_potato_feathery_mottle_virus_CP_AA,Virus,mtVer,0.9999201166029157
Sweet_potato_feathery_mottle_virus_CP_AA,Virus,JC69,0.9999279963815126
Swine_influenza_virus_serotype_H3N2_HA_AA,Virus,LG,0.9999972547851009
Swine_influenza_virus_serotype_H3N2_HA_AA,Virus,WAG,0.99999439975909
Swine_influenza_virus_serotype_H3N2_HA_AA,Virus,JTT,0.9999962665064579
Swine_influenza_virus_serotype_H3N2_HA_AA,Virus,gcpREV,0.9999947291867352
Swine_influenza_virus_serotype_H3N2_HA_AA,Virus,mtVer,0.9999920937800668
Swine_influenza_virus_serotype_H3N2_HA_AA,Virus,JC69,0.9999941801418938
Tick_borne_encephalitis_virus_E_AA,Virus,LG,0.9999845869674101
Tick_borne_encephalitis_virus_E_AA,Virus,WAG,0.9999717114444846
Tick_borne_encephalitis_virus_E_AA,Virus,JTT,0.9999696125057592
Tick_borne_encephalitis_virus_E_AA,Virus,gcpREV,0.9999382852072263
Tick_borne_encephalitis_virus_E_AA,Virus,mtVer,0.9998702109267271
Tick_borne_encephalitis_virus_E_AA,Virus,JC69,0.9999797311652526
Tomato_spotted_wilt_virus_CP_AA,Virus,LG,1
Tomato_spotted_wilt_virus_CP_AA,Virus,WAG,1
Tomato_spotted_wilt_virus_CP_AA,Virus,JTT,1
Tomato_spotted_wilt_virus_CP_AA,Virus,gcpREV,1
Tomato_spotted_wilt_virus_CP_AA,Virus,mtVer,1
Tomato_spotted_wilt_virus_CP_AA,Virus,JC69,0.999996299482853
Transmissible_gastroenteritis_virus_S_AA,Virus,LG,0.999998167740416
Transmissible_gastroenteritis_virus_S_AA,Virus,WAG,0.9999986258051367
Transmissible_gastroenteritis_virus_S_AA,Virus,JTT,0.9999991411284568
Transmissible_gastroenteritis_virus_S_AA,Virus,gcpREV,0.9999975808442223
Transmissible_gastroenteritis_virus_S_AA,Virus,mtVer,0.9999882907179408
Transmissible_gastroenteritis_virus_S_AA,Virus,JC69,0.999996664708176
Tula_virus_NP_AA,Virus,LG,0.9999655988699228
Tula_virus_NP_AA,Virus,WAG,0.9999827994349614
Tula_virus_NP_AA,Virus,JTT,0.9999860245264598
Tula_virus_NP_AA,Virus,gcpREV,0.9999741991524421
Tula_virus_NP_AA,Virus,mtVer,0.9999440981636246
Tula_virus_NP_AA,Virus,JC69,0.9999741991524421
Turnip_mosaic_virus_CP_AA,Virus,LG,0.9999990012004573
Turnip_mosaic_virus_CP_AA,Virus,WAG,0.9999992009610842
Turnip_mosaic_virus_CP_AA,Virus,JTT,0.9999826208739485
Turnip_mosaic_virus_CP_AA,Virus,gcpREV,0.9999968038408245
Turnip_mosaic_virus_CP_AA,Virus,mtVer,0.9999982021597056
Turnip_mosaic_virus_CP_AA,Virus,JC69,0.999954453879941
Turnip_yellow_mosaic_virus_CP_AA,Virus,LG,1
Turnip_yellow_mosaic_virus_CP_AA,Virus,WAG,1
Turnip_yellow_mosaic_virus_CP_AA,Virus,JTT,1
Turnip_yellow_mosaic_virus_CP_AA,Virus,gcpREV,1
Turnip_yellow_mosaic_virus_CP_AA,Virus,mtVer,1
Turnip_yellow_mosaic_virus_CP_AA,Virus,JC69,1
Venezuelan_equine_encephalitis_virus_C_AA,Virus,LG,0.9999707444889425
Venezuelan_equine_encephalitis_virus_C_AA,Virus,WAG,0.9999815601529718
Venezuelan_equine_encephalitis_virus_C_AA,Virus,JTT,0.9999680849026696
Venezuelan_equine_encephalitis_virus_C_AA,Virus,gcpREV,0.9999659572174424
Venezuelan_equine_encephalitis_virus_C_AA,Virus,mtVer,0.9999246448957358
Venezuelan_equine_encephalitis_virus_C_AA,Virus,JC69,0.9999774820742622
Vesicular_stomatitis_virus_N_AA,Virus,LG,1
Vesicular_stomatitis_virus_N_AA,Virus,WAG,1
Vesicular_stomatitis_virus_N_AA,Virus,JTT,1
Vesicular_stomatitis_virus_N_AA,Virus,gcpREV,1
Vesicular_stomatitis_virus_N_AA,Virus,mtVer,0.9999991587186612
Vesicular_stomatitis_virus_N_AA,Virus,JC69,0.9999991587183075
West_Nile_virus_E_AA,Virus,LG,1
West_Nile_virus_E_AA,Virus,WAG,1
West_Nile_virus_E_AA,Virus,JTT,1
West_Nile_virus_E_AA,Virus,gcpREV,1
West_Nile_virus_E_AA,Virus,mtVer,1
West_Nile_virus_E_AA,Virus,JC69,1
Western_equine_encephalitis_virus_E1_AA,Virus,LG,0.9999999999999998
Western_equine_encephalitis_virus_E1_AA,Virus,WAG,1
Western_equine_encephalitis_virus_E1_AA,Virus,JTT,1
Western_equine_encephalitis_virus_E1_AA,Virus,gcpREV,0.9999999999999998
Western_equine_encephalitis_virus_E1_AA,Virus,mtVer,0.9999999999999998
Western_equine_encephalitis_virus_E1_AA,Virus,JC69,0.999988727409023
Wheat_yellow_mosaic_virus_CP_AA,Virus,LG,0.999990859263508
Wheat_yellow_mosaic_virus_CP_AA,Virus,WAG,0.999993144447631
Wheat_yellow_mosaic_virus_CP_AA,Virus,JTT,1
Wheat_yellow_mosaic_virus_CP_AA,Virus,gcpREV,1
Wheat_yellow_mosaic_virus_CP_AA,Virus,mtVer,0.999993144447631
Wheat_yellow_mosaic_virus_CP_AA,Virus,JC69,0.9999999999999999
Whitewater_Arroyo_virus_NP_AA,Virus,LG,0.9999731573049038
Whitewater_Arroyo_virus_NP_AA,Virus,WAG,0.9999821048699359
Whitewater_Arroyo_virus_NP_AA,Virus,JTT,0.9999742756698481
Whitewater_Arroyo_virus_NP_AA,Virus,gcpREV,0.9999821048699359
Whitewater_Arroyo_virus_NP_AA,Virus,mtVer,0.9999776310874198
Whitewater_Arroyo_virus_NP_AA,Virus,JC69,0.9998792073341691
Woodchuck_Hepatitis_B_Virus_C_AA,Virus,LG,0.9999999999999999
Woodchuck_Hepatitis_B_Virus_C_AA,Virus,WAG,0.9999999999999999
Woodchuck_Hepatitis_B_Virus_C_AA,Virus,JTT,0.9999999999999999
Woodchuck_Hepatitis_B_Virus_C_AA,Virus,gcpREV,0.9999999999999999
Woodchuck_Hepatitis_B_Virus_C_AA,Virus,mtVer,0.9999999999999999
Woodchuck_Hepatitis_B_Virus_C_AA,Virus,JC69,0.9999999999999999
Yam_mosaic_virus_CP_AA,Virus,LG,0.9999797709712256
Yam_mosaic_virus_CP_AA,Virus,WAG,0.9999799354448144
Yam_mosaic_virus_CP_AA,Virus,JTT,0.9999922702035485
Yam_mosaic_virus_CP_AA,Virus,gcpREV,0.999985362730466
Yam_mosaic_virus_CP_AA,Virus,mtVer,0.999980264365458
Yam_mosaic_virus_CP_AA,Virus,JC69,0.9998855330189977
ycf1,Chloroplast,LG,0.9993196022409537
ycf1,Chloroplast,WAG,0.9993941656966905
ycf1,Chloroplast,JTT,0.9992768656353456
ycf1,Chloroplast,gcpREV,0.9994461328612242
ycf1,Chloroplast,mtVer,0.9992158979151875
ycf1,Chloroplast,JC69,0.9990859994144567
ycf2,Chloroplast,LG,0.9999029159427305
ycf2,Chloroplast,WAG,0.999874005431865
ycf2,Chloroplast,JTT,0.9998579118482824
ycf2,Chloroplast,gcpREV,0.9998329210552119
ycf2,Chloroplast,mtVer,0.9999153479316664
ycf2,Chloroplast,JC69,0.9999094233762824
ycf3,Chloroplast,LG,0.9999004477414449
ycf3,Chloroplast,WAG,0.9999634297680117
ycf3,Chloroplast,JTT,0.9999106060991072
ycf3,Chloroplast,gcpREV,0.9999341736901379
ycf3,Chloroplast,mtVer,0.9997903313496077
ycf3,Chloroplast,JC69,0.9998748472213649
ycf4,Chloroplast,LG,0.9996386703652191
ycf4,Chloroplast,WAG,0.9997492375375158
ycf4,Chloroplast,JTT,0.9997952466397166
ycf4,Chloroplast,gcpREV,0.9996025379767339
ycf4,Chloroplast,mtVer,0.9998137954674783
ycf4,Chloroplast,JC69,0.9999193024194373
Yellow_fever_virus_E_AA,Virus,LG,0.9999975904249281
Yellow_fever_virus_E_AA,Virus,WAG,0.9999999365902101
Yellow_fever_virus_E_AA,Virus,JTT,0.9999989220322225
Yellow_fever_virus_E_AA,Virus,gcpREV,0.9999999999999999
Yellow_fever_virus_E_AA,Virus,mtVer,0.9999999999999999
Yellow_fever_virus_E_AA,Virus,JC69,0.9999995561313387
